brand,category,collected_at,error,excluded_reason,match_score,price_krw,result_title,seed_product,seed_query,source,status,url,usable_for_baseline,volume_hint
라운드랩,선케어,20260614T072339Z,,,80,13840,라운드 랩 자작 나무 수분 선크림 50ml,자작나무 수분 선크림,라운드랩 자작나무 선크림,danawa,200,https://prod.danawa.com/info/?pcode=11991947&keyword=%EB%9D%BC%EC%9A%B4%EB%93%9C%EB%9E%A9+%EC%9E%90%EC%9E%91%EB%82%98%EB%AC%B4+%EC%84%A0%ED%81%AC%EB%A6%BC&cate=1833257,True,50ml
라운드랩,선케어,20260614T072339Z,,,80,16770,라운드 랩 자작 나무 무기자차 선크림 50ml,자작나무 수분 선크림,라운드랩 자작나무 선크림,danawa,200,https://prod.danawa.com/info/?pcode=21564794&keyword=%EB%9D%BC%EC%9A%B4%EB%93%9C%EB%9E%A9+%EC%9E%90%EC%9E%91%EB%82%98%EB%AC%B4+%EC%84%A0%ED%81%AC%EB%A6%BC&cate=1833257,True,50ml
라운드랩,선케어,20260614T072339Z,,,80,17210,라운드 랩 자작 나무 수분 톤업 선크림 50ml,자작나무 수분 선크림,라운드랩 자작나무 선크림,danawa,200,https://prod.danawa.com/info/?pcode=21564866&keyword=%EB%9D%BC%EC%9A%B4%EB%93%9C%EB%9E%A9+%EC%9E%90%EC%9E%91%EB%82%98%EB%AC%B4+%EC%84%A0%ED%81%AC%EB%A6%BC&cate=1833257,True,50ml
라운드랩,선케어,20260614T072339Z,,"sunstick_variant,category_term_missing",50,24100,라운드 랩 자작 나무 수분 선스틱 19g,자작나무 수분 선크림,라운드랩 자작나무 선크림,danawa,200,https://prod.danawa.com/info/?pcode=107304077&keyword=%EB%9D%BC%EC%9A%B4%EB%93%9C%EB%9E%A9+%EC%9E%90%EC%9E%91%EB%82%98%EB%AC%B4+%EC%84%A0%ED%81%AC%EB%A6%BC&cate=18255343,False,50ml
라운드랩,선케어,20260614T072339Z,,used,80,16260,[중고] 라운드 랩 자작 나무 무기자차 선크림 SPF50+ PA++++ 50ml 1개,자작나무 수분 선크림,라운드랩 자작나무 선크림,danawa,200,https://prod.danawa.com/bridge/go_link_goods.php?cate_c1=9875&cate_c2=228064&cate_c3=228259&cate_c4=229756&cmpny_c=TP40F&link_prod_c=U95233113091&keyword=%EB%9D%BC%EC%9A%B4%EB%93%9C%EB%9E%A9+%EC%9E%90%EC%9E%91%EB%82%98%EB%AC%B4+%EC%84%A0%ED%81%AC%EB%A6%BC&r=17814218247385&cate=1833257,False,50ml
라운드랩,선케어,20260614T072339Z,,,80,79300,라운드 랩 자작 나무 무기자차 선크림 50ml 4개,자작나무 수분 선크림,라운드랩 자작나무 선크림,danawa,200,https://prod.danawa.com/bridge/go_link_goods.php?cate_c1=9875&cate_c2=228064&cate_c3=228259&cate_c4=229756&cmpny_c=TH201&link_prod_c=9347416159&keyword=%EB%9D%BC%EC%9A%B4%EB%93%9C%EB%9E%A9+%EC%9E%90%EC%9E%91%EB%82%98%EB%AC%B4+%EC%84%A0%ED%81%AC%EB%A6%BC&r=17814218243964&cate=1833257,True,50ml
라운드랩,선케어,20260614T072339Z,,,80,119000,라운드 랩 자작 나무 무기자차 선크림 50ml 6개,자작나무 수분 선크림,라운드랩 자작나무 선크림,danawa,200,https://prod.danawa.com/bridge/go_link_goods.php?cate_c1=9875&cate_c2=228064&cate_c3=228259&cate_c4=229756&cmpny_c=TH201&link_prod_c=9347416019&keyword=%EB%9D%BC%EC%9A%B4%EB%93%9C%EB%9E%A9+%EC%9E%90%EC%9E%91%EB%82%98%EB%AC%B4+%EC%84%A0%ED%81%AC%EB%A6%BC&r=17814218249755&cate=1833257,True,50ml
라운드랩,선케어,20260614T072339Z,,,80,72030,[셀러허브] 라운드 랩 자작 나무 수분 톤업 선크림 50ml(SPF50+) x3SET (AD) (S33562097),자작나무 수분 선크림,라운드랩 자작나무 선크림,danawa,200,https://prod.danawa.com/bridge/go_link_goods.php?cate_c1=9875&cate_c2=228064&cate_c3=228259&cate_c4=229765&cmpny_c=TH201&link_prod_c=9348055764&keyword=%EB%9D%BC%EC%9A%B4%EB%93%9C%EB%9E%A9+%EC%9E%90%EC%9E%91%EB%82%98%EB%AC%B4+%EC%84%A0%ED%81%AC%EB%A6%BC&r=17814218248223&cate=18320005,True,50ml
조선미녀,선케어,20260614T072339Z,,,80,8400,조선 미녀 맑은 쌀 선크림 50ml,맑은쌀 선크림,조선미녀 맑은쌀 선크림,danawa,200,https://prod.danawa.com/info/?pcode=27548912&keyword=%EC%A1%B0%EC%84%A0%EB%AF%B8%EB%85%80+%EB%A7%91%EC%9D%80%EC%8C%80+%EC%84%A0%ED%81%AC%EB%A6%BC&cate=1833257,True,50ml
조선미녀,선케어,20260614T072339Z,,,80,13900,조선 미녀 맑은 쌀 선크림 아쿠아프레쉬 50ml,맑은쌀 선크림,조선미녀 맑은쌀 선크림,danawa,200,https://prod.danawa.com/info/?pcode=96705854&keyword=%EC%A1%B0%EC%84%A0%EB%AF%B8%EB%85%80+%EB%A7%91%EC%9D%80%EC%8C%80+%EC%84%A0%ED%81%AC%EB%A6%BC&cate=1833257,True,50ml
조선미녀,선케어,20260614T072339Z,,mask_or_pack_variant,80,29490,크리클팩토리 조선 미녀 조선 미녀 맑은 쌀 선크림 + 스트레스볼 4종 춘식이 아쿠아프레쉬 50mL 2입 기획,맑은쌀 선크림,조선미녀 맑은쌀 선크림,danawa,200,https://prod.danawa.com/bridge/go_link_goods.php?cate_c1=9875&cate_c2=228064&cate_c3=228259&cate_c4=229756&cmpny_c=EE128&link_prod_c=4779728529&keyword=%EC%A1%B0%EC%84%A0%EB%AF%B8%EB%85%80+%EB%A7%91%EC%9D%80%EC%8C%80+%EC%84%A0%ED%81%AC%EB%A6%BC&r=17814218267109&cate=1833257,False,50ml
조선미녀,선케어,20260614T072339Z,,,80,29230,조선 미녀 맑은 쌀 선크림 50mL 기획 + &&& 춘식이 맑은 쌀 선크림 2입 + 스트레스볼,맑은쌀 선크림,조선미녀 맑은쌀 선크림,danawa,200,https://prod.danawa.com/bridge/go_link_goods.php?cate_c1=9875&cate_c2=228064&cate_c3=228259&cate_c4=229756&cmpny_c=TH201&link_prod_c=9426935613&keyword=%EC%A1%B0%EC%84%A0%EB%AF%B8%EB%85%80+%EB%A7%91%EC%9D%80%EC%8C%80+%EC%84%A0%ED%81%AC%EB%A6%BC&r=17814218265385&cate=1833257,True,50ml
조선미녀,선케어,20260614T072339Z,,,80,187190,조선 미녀 맑은 쌀 선크림 아쿠아 프레쉬 50ml 12개,맑은쌀 선크림,조선미녀 맑은쌀 선크림,danawa,200,https://prod.danawa.com/bridge/go_link_goods.php?cate_c1=9875&cate_c2=228064&cate_c3=228259&cate_c4=229756&cmpny_c=TH201&link_prod_c=9341049556&keyword=%EC%A1%B0%EC%84%A0%EB%AF%B8%EB%85%80+%EB%A7%91%EC%9D%80%EC%8C%80+%EC%84%A0%ED%81%AC%EB%A6%BC&r=17814218266343&cate=1833257,True,50ml
조선미녀,선케어,20260614T072339Z,,,80,32850,조선 미녀 맑은 쌀 선크림 아쿠아프레쉬 SPF50+ PA++++ 50ml 2입 기획 (+춘식이스트레스볼),맑은쌀 선크림,조선미녀 맑은쌀 선크림,danawa,200,https://prod.danawa.com/bridge/go_link_goods.php?cate_c1=9875&cate_c2=228064&cate_c3=228259&cate_c4=229756&cmpny_c=TH201&link_prod_c=9273684764&keyword=%EC%A1%B0%EC%84%A0%EB%AF%B8%EB%85%80+%EB%A7%91%EC%9D%80%EC%8C%80+%EC%84%A0%ED%81%AC%EB%A6%BC&r=17814218264097&cate=1833257,True,50ml
조선미녀,선케어,20260614T072339Z,,,80,42550,조선 미녀 맑은 쌀 선크림 50ml 3개,맑은쌀 선크림,조선미녀 맑은쌀 선크림,danawa,200,https://prod.danawa.com/bridge/go_link_goods.php?cate_c1=9875&cate_c2=228064&cate_c3=228259&cate_c4=229756&cmpny_c=TH201&link_prod_c=8509234180&keyword=%EC%A1%B0%EC%84%A0%EB%AF%B8%EB%85%80+%EB%A7%91%EC%9D%80%EC%8C%80+%EC%84%A0%ED%81%AC%EB%A6%BC&r=17814218268107&cate=1833257,True,50ml
조선미녀,선케어,20260614T072339Z,,,80,23110,조선 미녀 맑은 쌀 선크림 아쿠아프레쉬 50ml,맑은쌀 선크림,조선미녀 맑은쌀 선크림,danawa,200,https://prod.danawa.com/bridge/go_link_goods.php?cate_c1=9875&cate_c2=228064&cate_c3=228259&cate_c4=229756&cmpny_c=TH201&link_prod_c=9302509266&keyword=%EC%A1%B0%EC%84%A0%EB%AF%B8%EB%85%80+%EB%A7%91%EC%9D%80%EC%8C%80+%EC%84%A0%ED%81%AC%EB%A6%BC&r=17814218263725&cate=1833257,True,50ml
닥터지,선케어,20260614T072339Z,,,90,10720,닥터지 그린 마일드 업 선 플러스 50ml,그린 마일드 업 선 플러스,닥터지 그린 마일드 업 선 플러스,danawa,200,https://prod.danawa.com/info/?pcode=11187765&keyword=%EB%8B%A5%ED%84%B0%EC%A7%80+%EA%B7%B8%EB%A6%B0+%EB%A7%88%EC%9D%BC%EB%93%9C+%EC%97%85+%EC%84%A0+%ED%94%8C%EB%9F%AC%EC%8A%A4&cate=1833257,True,50ml
닥터지,선케어,20260614T072339Z,,,90,23400,닥터지 그린 마일드 업 선 플러스 50ml 2개+10ml 3개,그린 마일드 업 선 플러스,닥터지 그린 마일드 업 선 플러스,danawa,200,https://prod.danawa.com/info/?pcode=116413744&keyword=%EB%8B%A5%ED%84%B0%EC%A7%80+%EA%B7%B8%EB%A6%B0+%EB%A7%88%EC%9D%BC%EB%93%9C+%EC%97%85+%EC%84%A0+%ED%94%8C%EB%9F%AC%EC%8A%A4&cate=1833257,True,50ml
닥터지,선케어,20260614T072339Z,,,70,9720,닥터지 그린 마일드 업 선 플러스 35ml,그린 마일드 업 선 플러스,닥터지 그린 마일드 업 선 플러스,danawa,200,https://prod.danawa.com/info/?pcode=13822634&keyword=%EB%8B%A5%ED%84%B0%EC%A7%80+%EA%B7%B8%EB%A6%B0+%EB%A7%88%EC%9D%BC%EB%93%9C+%EC%97%85+%EC%84%A0+%ED%94%8C%EB%9F%AC%EC%8A%A4&cate=1833257,True,50ml
닥터지,선케어,20260614T072339Z,,,90,32140,닥터지 그린 마일드 업 선 플러스 50ml 2개+10ml 2개,그린 마일드 업 선 플러스,닥터지 그린 마일드 업 선 플러스,danawa,200,https://prod.danawa.com/info/?pcode=79702583&keyword=%EB%8B%A5%ED%84%B0%EC%A7%80+%EA%B7%B8%EB%A6%B0+%EB%A7%88%EC%9D%BC%EB%93%9C+%EC%97%85+%EC%84%A0+%ED%94%8C%EB%9F%AC%EC%8A%A4&cate=1833257,True,50ml
닥터지,선케어,20260614T072339Z,,,90,18900,닥터지 그린 마일드 업 선 플러스 50mL FREE,그린 마일드 업 선 플러스,닥터지 그린 마일드 업 선 플러스,danawa,200,https://prod.danawa.com/bridge/go_link_goods.php?cate_c1=9875&cate_c2=228064&cate_c3=228259&cate_c4=229756&cmpny_c=TP40F&link_prod_c=I28665673830&keyword=%EB%8B%A5%ED%84%B0%EC%A7%80+%EA%B7%B8%EB%A6%B0+%EB%A7%88%EC%9D%BC%EB%93%9C+%EC%97%85+%EC%84%A0+%ED%94%8C%EB%9F%AC%EC%8A%A4&r=17814218286540&cate=1833257,True,50ml
닥터지,선케어,20260614T072339Z,,,70,14230,[셀러허브] 닥터지 그린 마일드 업 선 플러스 35ml (S33147067),그린 마일드 업 선 플러스,닥터지 그린 마일드 업 선 플러스,danawa,200,https://prod.danawa.com/bridge/go_link_goods.php?cate_c1=9875&cate_c2=228064&cate_c3=228259&cate_c4=229756&cmpny_c=TH201&link_prod_c=9185077245&keyword=%EB%8B%A5%ED%84%B0%EC%A7%80+%EA%B7%B8%EB%A6%B0+%EB%A7%88%EC%9D%BC%EB%93%9C+%EC%97%85+%EC%84%A0+%ED%94%8C%EB%9F%AC%EC%8A%A4&r=17814218285078&cate=1833257,True,50ml
닥터지,선케어,20260614T072339Z,,,90,26230,닥터지 그린 마일드 업 선 플러스 50ml+50ml 썬크림 민감성 자외선차단제 무기자차 선크림,그린 마일드 업 선 플러스,닥터지 그린 마일드 업 선 플러스,danawa,200,https://prod.danawa.com/bridge/go_link_goods.php?cate_c1=9875&cate_c2=228064&cate_c3=228259&cate_c4=229756&cmpny_c=TH201&link_prod_c=9149507288&keyword=%EB%8B%A5%ED%84%B0%EC%A7%80+%EA%B7%B8%EB%A6%B0+%EB%A7%88%EC%9D%BC%EB%93%9C+%EC%97%85+%EC%84%A0+%ED%94%8C%EB%9F%AC%EC%8A%A4&r=17814218282651&cate=1833257,True,50ml
닥터지,선케어,20260614T072339Z,,,90,55750,닥터지 그린 마일드 업 선 플러스 50ml x4개 민감피부 무기자차선크림,그린 마일드 업 선 플러스,닥터지 그린 마일드 업 선 플러스,danawa,200,https://prod.danawa.com/bridge/go_link_goods.php?cate_c1=9875&cate_c2=228064&cate_c3=228259&cate_c4=229756&cmpny_c=TH201&link_prod_c=9161346364&keyword=%EB%8B%A5%ED%84%B0%EC%A7%80+%EA%B7%B8%EB%A6%B0+%EB%A7%88%EC%9D%BC%EB%93%9C+%EC%97%85+%EC%84%A0+%ED%94%8C%EB%9F%AC%EC%8A%A4&r=17814218288237&cate=1833257,True,50ml
아비브,선케어,20260614T072339Z,,,80,15280,아비브 어성초 선 에센스 카밍 드롭 50ml,어성초 선 에센스,아비브 어성초 선 에센스,danawa,200,https://prod.danawa.com/info/?pcode=117606866&keyword=%EC%95%84%EB%B9%84%EB%B8%8C+%EC%96%B4%EC%84%B1%EC%B4%88+%EC%84%A0+%EC%97%90%EC%84%BC%EC%8A%A4&cate=1833257,True,50ml
아비브,선케어,20260614T072339Z,,,70,17010,아비브 하트리프 선 에센스 카밍 드롭 50ml,어성초 선 에센스,아비브 어성초 선 에센스,danawa,200,https://prod.danawa.com/info/?pcode=119589363&keyword=%EC%95%84%EB%B9%84%EB%B8%8C+%EC%96%B4%EC%84%B1%EC%B4%88+%EC%84%A0+%EC%97%90%EC%84%BC%EC%8A%A4&cate=18313894,True,50ml
아비브,선케어,20260614T072339Z,,category_term_missing,80,37600,코스맥스 아비브 어성초 선 썬 크림 에센스 세럼 추천 50ml,어성초 선 에센스,아비브 어성초 선 에센스,danawa,200,https://prod.danawa.com/bridge/go_link_goods.php?cate_c1=9875&cate_c2=228061&cate_c3=228199&cate_c4=0&cmpny_c=EE309&link_prod_c=LO2510292713&keyword=%EC%95%84%EB%B9%84%EB%B8%8C+%EC%96%B4%EC%84%B1%EC%B4%88+%EC%84%A0+%EC%97%90%EC%84%BC%EC%8A%A4&r=17814218305512&cate=18255393,False,50ml
아비브,선케어,20260614T072339Z,,category_term_missing,80,45470,아비브 어성초 선 썬 크림 에센스 세럼 추천 50ml,어성초 선 에센스,아비브 어성초 선 에센스,danawa,200,https://prod.danawa.com/bridge/go_link_goods.php?cate_c1=9875&cate_c2=228064&cate_c3=228259&cate_c4=229756&cmpny_c=EE309&link_prod_c=LO2516227388&keyword=%EC%95%84%EB%B9%84%EB%B8%8C+%EC%96%B4%EC%84%B1%EC%B4%88+%EC%84%A0+%EC%97%90%EC%84%BC%EC%8A%A4&r=17814218302065&cate=1833257,False,50ml
아비브,선케어,20260614T072339Z,,,80,22500,아비브 어성초 선 에센스 카밍 드롭 50ml SPF 50+ PA++++ 피부 자극 진정,어성초 선 에센스,아비브 어성초 선 에센스,danawa,200,https://prod.danawa.com/bridge/go_link_goods.php?cate_c1=9875&cate_c2=228064&cate_c3=228259&cate_c4=229756&cmpny_c=EE715&link_prod_c=F506243898&keyword=%EC%95%84%EB%B9%84%EB%B8%8C+%EC%96%B4%EC%84%B1%EC%B4%88+%EC%84%A0+%EC%97%90%EC%84%BC%EC%8A%A4&r=17814218301774&cate=1833257,True,50ml
아비브,선케어,20260614T072339Z,,category_term_missing,80,40220,아비브 어성초 선 썬 크림 에센스 세럼 추천 50ml,어성초 선 에센스,아비브 어성초 선 에센스,danawa,200,https://prod.danawa.com/bridge/go_link_goods.php?cate_c1=9875&cate_c2=228061&cate_c3=228199&cate_c4=0&cmpny_c=EE715&link_prod_c=F263258974&keyword=%EC%95%84%EB%B9%84%EB%B8%8C+%EC%96%B4%EC%84%B1%EC%B4%88+%EC%84%A0+%EC%97%90%EC%84%BC%EC%8A%A4&r=17814218307936&cate=18255393,False,50ml
아비브,선케어,20260614T072339Z,,category_term_missing,80,40230,아비브 어성초 선 썬 크림 에센스 세럼 추천 50ml,어성초 선 에센스,아비브 어성초 선 에센스,danawa,200,https://prod.danawa.com/bridge/go_link_goods.php?cate_c1=9875&cate_c2=228061&cate_c3=228199&cate_c4=0&cmpny_c=EE128&link_prod_c=4460735725&keyword=%EC%95%84%EB%B9%84%EB%B8%8C+%EC%96%B4%EC%84%B1%EC%B4%88+%EC%84%A0+%EC%97%90%EC%84%BC%EC%8A%A4&r=17814218304114&cate=18255393,False,50ml
아비브,선케어,20260614T072339Z,,,80,22500,아비브 어성초 선 에센스 카밍 드롭 50ml SPF 50+ PA++++ 피부 자극 진정,어성초 선 에센스,아비브 어성초 선 에센스,danawa,200,https://prod.danawa.com/bridge/go_link_goods.php?cate_c1=9875&cate_c2=228064&cate_c3=228259&cate_c4=229756&cmpny_c=EE128&link_prod_c=4700193383&keyword=%EC%95%84%EB%B9%84%EB%B8%8C+%EC%96%B4%EC%84%B1%EC%B4%88+%EC%84%A0+%EC%97%90%EC%84%BC%EC%8A%A4&r=17814218308896&cate=1833257,True,50ml
라로슈포제,선케어,20260614T072339Z,,,50,29490,라로슈 포제 유비데아 안뗄리오스 멜트인 크림 30ml,안뗄리오스 선크림,라로슈포제 안뗄리오스 선크림,danawa,200,https://prod.danawa.com/info/?pcode=43888979&keyword=%EB%9D%BC%EB%A1%9C%EC%8A%88%ED%8F%AC%EC%A0%9C+%EC%95%88%EB%97%84%EB%A6%AC%EC%98%A4%EC%8A%A4+%EC%84%A0%ED%81%AC%EB%A6%BC&cate=1833257,True,50ml
라로슈포제,선케어,20260614T072339Z,,,70,21470,라로슈 포제 안뗄리오스 울트라 라이트 선플루이드 50ml,안뗄리오스 선크림,라로슈포제 안뗄리오스 선크림,danawa,200,https://prod.danawa.com/info/?pcode=11332185&keyword=%EB%9D%BC%EB%A1%9C%EC%8A%88%ED%8F%AC%EC%A0%9C+%EC%95%88%EB%97%84%EB%A6%AC%EC%98%A4%EC%8A%A4+%EC%84%A0%ED%81%AC%EB%A6%BC&cate=1833257,True,50ml
라로슈포제,선케어,20260614T072339Z,,,60,29490,라로슈 포제 유비데아 안뗄리오스 톤업 라이트 선크림 30ml,안뗄리오스 선크림,라로슈포제 안뗄리오스 선크림,danawa,200,https://prod.danawa.com/info/?pcode=32899139&keyword=%EB%9D%BC%EB%A1%9C%EC%8A%88%ED%8F%AC%EC%A0%9C+%EC%95%88%EB%97%84%EB%A6%AC%EC%98%A4%EC%8A%A4+%EC%84%A0%ED%81%AC%EB%A6%BC&cate=1833257,True,50ml
라로슈포제,선케어,20260614T072339Z,,,80,18797,라로슈 포제 안뗄리오스 울트라 선크림 50ml,안뗄리오스 선크림,라로슈포제 안뗄리오스 선크림,danawa,200,https://prod.danawa.com/info/?pcode=116119555&keyword=%EB%9D%BC%EB%A1%9C%EC%8A%88%ED%8F%AC%EC%A0%9C+%EC%95%88%EB%97%84%EB%A6%AC%EC%98%A4%EC%8A%A4+%EC%84%A0%ED%81%AC%EB%A6%BC&cate=1833257,True,50ml
라로슈포제,선케어,20260614T072339Z,,,70,22650,라로슈 포제 안뗄리오스 오일컨트롤 썬 젤-크림 SPF50+ 50ml,안뗄리오스 선크림,라로슈포제 안뗄리오스 선크림,danawa,200,https://prod.danawa.com/info/?pcode=79702820&keyword=%EB%9D%BC%EB%A1%9C%EC%8A%88%ED%8F%AC%EC%A0%9C+%EC%95%88%EB%97%84%EB%A6%AC%EC%98%A4%EC%8A%A4+%EC%84%A0%ED%81%AC%EB%A6%BC&cate=1833257,True,50ml
라로슈포제,선케어,20260614T072339Z,,,60,29500,라로슈 포제 유비데아 안뗄리오스 톤업 로지 선크림 30ml,안뗄리오스 선크림,라로슈포제 안뗄리오스 선크림,danawa,200,https://prod.danawa.com/info/?pcode=93047861&keyword=%EB%9D%BC%EB%A1%9C%EC%8A%88%ED%8F%AC%EC%A0%9C+%EC%95%88%EB%97%84%EB%A6%AC%EC%98%A4%EC%8A%A4+%EC%84%A0%ED%81%AC%EB%A6%BC&cate=1833257,True,50ml
라로슈포제,선케어,20260614T072339Z,,,80,49900,라로슈 포제 안뗄리오스 무향 울트라 선크림 50ml,안뗄리오스 선크림,라로슈포제 안뗄리오스 선크림,danawa,200,https://prod.danawa.com/info/?pcode=116304337&keyword=%EB%9D%BC%EB%A1%9C%EC%8A%88%ED%8F%AC%EC%A0%9C+%EC%95%88%EB%97%84%EB%A6%AC%EC%98%A4%EC%8A%A4+%EC%84%A0%ED%81%AC%EB%A6%BC&cate=1833257,True,50ml
라로슈포제,선케어,20260614T072339Z,,,50,44810,라로슈 포제 안뗄리오스 톤업 클리어 30ml,안뗄리오스 선크림,라로슈포제 안뗄리오스 선크림,danawa,200,https://prod.danawa.com/info/?pcode=43889051&keyword=%EB%9D%BC%EB%A1%9C%EC%8A%88%ED%8F%AC%EC%A0%9C+%EC%95%88%EB%97%84%EB%A6%AC%EC%98%A4%EC%8A%A4+%EC%84%A0%ED%81%AC%EB%A6%BC&cate=1833257,True,50ml
아누아,토너,20260614T072339Z,,,90,12400,아누아 어성초 77 % 진정 토너 250ml,어성초 77 수딩 토너,아누아 어성초 77 토너,danawa,200,https://prod.danawa.com/info/?pcode=71589449&keyword=%EC%95%84%EB%88%84%EC%95%84+%EC%96%B4%EC%84%B1%EC%B4%88+77+%ED%86%A0%EB%84%88&cate=18255391,True,250ml
아누아,토너,20260614T072339Z,,,70,42900,아누아 어성초 77 % 진정 토너 500ml,어성초 77 수딩 토너,아누아 어성초 77 토너,danawa,200,https://prod.danawa.com/info/?pcode=12664208&keyword=%EC%95%84%EB%88%84%EC%95%84+%EC%96%B4%EC%84%B1%EC%B4%88+77+%ED%86%A0%EB%84%88&cate=18255391,True,250ml
아누아,토너,20260614T072339Z,,,70,30450,아누아 어성초 77 수딩 토너 350ml,어성초 77 수딩 토너,아누아 어성초 77 토너,danawa,200,https://prod.danawa.com/info/?pcode=14507213&keyword=%EC%95%84%EB%88%84%EC%95%84+%EC%96%B4%EC%84%B1%EC%B4%88+77+%ED%86%A0%EB%84%88&cate=18255391,True,250ml
아누아,토너,20260614T072339Z,,,70,16200,아누아 어성초 77 % 수딩 토너 (구) 350ml,어성초 77 수딩 토너,아누아 어성초 77 토너,danawa,200,https://prod.danawa.com/info/?pcode=97743473&keyword=%EC%95%84%EB%88%84%EC%95%84+%EC%96%B4%EC%84%B1%EC%B4%88+77+%ED%86%A0%EB%84%88&cate=18255391,True,250ml
아누아,토너,20260614T072339Z,,,70,30450,아누아 어성초 77 % 수딩 토너 350ml 기획,어성초 77 수딩 토너,아누아 어성초 77 토너,danawa,200,https://prod.danawa.com/info/?pcode=122026437&keyword=%EC%95%84%EB%88%84%EC%95%84+%EC%96%B4%EC%84%B1%EC%B4%88+77+%ED%86%A0%EB%84%88&cate=18255391,True,250ml
아누아,토너,20260614T072339Z,,mask_or_pack_variant,70,19800,아누아 어성초 77 % 수딩 토너 350ml 리필팩,어성초 77 수딩 토너,아누아 어성초 77 토너,danawa,200,https://prod.danawa.com/info/?pcode=74985383&keyword=%EC%95%84%EB%88%84%EC%95%84+%EC%96%B4%EC%84%B1%EC%B4%88+77+%ED%86%A0%EB%84%88&cate=18255391,False,250ml
아누아,토너,20260614T072339Z,,,70,35280,아누아 어성초 77 히알루론산 수분 진정 토너 350ml 더블기획 (+ 어성초 크림 20ml),어성초 77 수딩 토너,아누아 어성초 77 토너,danawa,200,https://prod.danawa.com/bridge/go_link_goods.php?cate_c1=9875&cate_c2=228061&cate_c3=228193&cate_c4=0&cmpny_c=EE128&link_prod_c=4779736687&keyword=%EC%95%84%EB%88%84%EC%95%84+%EC%96%B4%EC%84%B1%EC%B4%88+77+%ED%86%A0%EB%84%88&r=17814218346499&cate=18255391,True,250ml
아누아,토너,20260614T072339Z,,,70,35280,아누아 어성초 77 히알루론산 수분 진정 토너 350ml 더블기획 (+ 어성초 크림 20ml),어성초 77 수딩 토너,아누아 어성초 77 토너,danawa,200,https://prod.danawa.com/bridge/go_link_goods.php?cate_c1=9875&cate_c2=228061&cate_c3=228193&cate_c4=0&cmpny_c=EE715&link_prod_c=F587808006&keyword=%EC%95%84%EB%88%84%EC%95%84+%EC%96%B4%EC%84%B1%EC%B4%88+77+%ED%86%A0%EB%84%88&r=17814218345304&cate=18255391,True,250ml
라운드랩,토너,20260614T072339Z,,,60,15120,라운드 랩 1025 독도 토너 500ml,1025 독도 토너,라운드랩 독도 토너,danawa,200,https://prod.danawa.com/info/?pcode=5568067&keyword=%EB%9D%BC%EC%9A%B4%EB%93%9C%EB%9E%A9+%EB%8F%85%EB%8F%84+%ED%86%A0%EB%84%88&cate=18255391,True,200ml
라운드랩,토너,20260614T072339Z,,,80,21410,라운드 랩 독도 토너 200ml + 로션 200ml,1025 독도 토너,라운드랩 독도 토너,danawa,200,https://prod.danawa.com/info/?pcode=30625664&keyword=%EB%9D%BC%EC%9A%B4%EB%93%9C%EB%9E%A9+%EB%8F%85%EB%8F%84+%ED%86%A0%EB%84%88&cate=18255390,True,200ml
라운드랩,토너,20260614T072339Z,,,60,35330,라운드 랩 1025 독도 토너 500ml+100ml,1025 독도 토너,라운드랩 독도 토너,danawa,200,https://prod.danawa.com/info/?pcode=111742991&keyword=%EB%9D%BC%EC%9A%B4%EB%93%9C%EB%9E%A9+%EB%8F%85%EB%8F%84+%ED%86%A0%EB%84%88&cate=18255391,True,200ml
라운드랩,토너,20260614T072339Z,,,80,21520,라운드 랩 1025 독도 토너 200ml + 로션 200ml,1025 독도 토너,라운드랩 독도 토너,danawa,200,https://prod.danawa.com/info/?pcode=5802548&keyword=%EB%9D%BC%EC%9A%B4%EB%93%9C%EB%9E%A9+%EB%8F%85%EB%8F%84+%ED%86%A0%EB%84%88&cate=18255390,True,200ml
라운드랩,토너,20260614T072339Z,,,80,9550,라운드 랩 1025 독도 토너 200ml,1025 독도 토너,라운드랩 독도 토너,danawa,200,https://prod.danawa.com/info/?pcode=4926856&keyword=%EB%9D%BC%EC%9A%B4%EB%93%9C%EB%9E%A9+%EB%8F%85%EB%8F%84+%ED%86%A0%EB%84%88&cate=18255391,True,200ml
라운드랩,토너,20260614T072339Z,,,60,32270,라운드 랩 1025 독도 토너 500ml(+ 독도 로션100ml),1025 독도 토너,라운드랩 독도 토너,danawa,200,https://prod.danawa.com/info/?pcode=45425615&keyword=%EB%9D%BC%EC%9A%B4%EB%93%9C%EB%9E%A9+%EB%8F%85%EB%8F%84+%ED%86%A0%EB%84%88&cate=18255390,True,200ml
라운드랩,토너,20260614T072339Z,,,60,37890,라운드 랩 1025 독도 토너 500ml + 로션 400ml,1025 독도 토너,라운드랩 독도 토너,danawa,200,https://prod.danawa.com/info/?pcode=49637408&keyword=%EB%9D%BC%EC%9A%B4%EB%93%9C%EB%9E%A9+%EB%8F%85%EB%8F%84+%ED%86%A0%EB%84%88&cate=18255390,True,200ml
라운드랩,토너,20260614T072339Z,,,80,15540,라운드 랩 1025 독도 토너 200ml + 50ml,1025 독도 토너,라운드랩 독도 토너,danawa,200,https://prod.danawa.com/info/?pcode=112842327&keyword=%EB%9D%BC%EC%9A%B4%EB%93%9C%EB%9E%A9+%EB%8F%85%EB%8F%84+%ED%86%A0%EB%84%88&cate=18255391,True,200ml
토리든,세럼,20260614T072339Z,,,80,14040,토리든 NEW 다이브 인 저분자 히알루론산 세럼 50ml,다이브인 세럼,토리든 다이브인 세럼,danawa,200,https://prod.danawa.com/info/?pcode=28055750&keyword=%ED%86%A0%EB%A6%AC%EB%93%A0+%EB%8B%A4%EC%9D%B4%EB%B8%8C%EC%9D%B8+%EC%84%B8%EB%9F%BC&cate=18255393,True,50ml
토리든,세럼,20260614T072339Z,,,80,12910,토리든 다이브 인 저분자 히알루론산 세럼 50ml,다이브인 세럼,토리든 다이브인 세럼,danawa,200,https://prod.danawa.com/info/?pcode=111633540&keyword=%ED%86%A0%EB%A6%AC%EB%93%A0+%EB%8B%A4%EC%9D%B4%EB%B8%8C%EC%9D%B8+%EC%84%B8%EB%9F%BC&cate=18255393,True,50ml
토리든,세럼,20260614T072339Z,,,60,26820,토리든 다이브 인 저분자 히알루론산 세럼 100ml,다이브인 세럼,토리든 다이브인 세럼,danawa,200,https://prod.danawa.com/info/?pcode=12440450&keyword=%ED%86%A0%EB%A6%AC%EB%93%A0+%EB%8B%A4%EC%9D%B4%EB%B8%8C%EC%9D%B8+%EC%84%B8%EB%9F%BC&cate=18255393,True,50ml
토리든,세럼,20260614T072339Z,,,60,28350,토리든 다이브 인 저분자 히알루론산 세럼 100mlx1개+20mlx2개,다이브인 세럼,토리든 다이브인 세럼,danawa,200,https://prod.danawa.com/info/?pcode=71940029&keyword=%ED%86%A0%EB%A6%AC%EB%93%A0+%EB%8B%A4%EC%9D%B4%EB%B8%8C%EC%9D%B8+%EC%84%B8%EB%9F%BC&cate=18255393,True,50ml
토리든,세럼,20260614T072339Z,,,60,13650,토리든 다이브 인 저분자 히알루론산 세럼 40ml,다이브인 세럼,토리든 다이브인 세럼,danawa,200,https://prod.danawa.com/info/?pcode=30649103&keyword=%ED%86%A0%EB%A6%AC%EB%93%A0+%EB%8B%A4%EC%9D%B4%EB%B8%8C%EC%9D%B8+%EC%84%B8%EB%9F%BC&cate=18255393,True,50ml
토리든,세럼,20260614T072339Z,,,80,29364,토리든 다이브 인 저분자 히알루론산 세럼 50ml + 크림 80ml,다이브인 세럼,토리든 다이브인 세럼,danawa,200,https://prod.danawa.com/info/?pcode=62598371&keyword=%ED%86%A0%EB%A6%AC%EB%93%A0+%EB%8B%A4%EC%9D%B4%EB%B8%8C%EC%9D%B8+%EC%84%B8%EB%9F%BC&cate=18255390,True,50ml
토리든,세럼,20260614T072339Z,,,80,31413,토리든 다이브 인 저분자 히알루론산 세럼 50ml + 크림 100ml,다이브인 세럼,토리든 다이브인 세럼,danawa,200,https://prod.danawa.com/info/?pcode=62598377&keyword=%ED%86%A0%EB%A6%AC%EB%93%A0+%EB%8B%A4%EC%9D%B4%EB%B8%8C%EC%9D%B8+%EC%84%B8%EB%9F%BC&cate=18255390,True,50ml
토리든,세럼,20260614T072339Z,,mask_or_pack_variant,80,47320,토리든 다이브 인 저분자 히알루론산 세럼 50ml + 마스크 10매,다이브인 세럼,토리든 다이브인 세럼,danawa,200,https://prod.danawa.com/info/?pcode=62711903&keyword=%ED%86%A0%EB%A6%AC%EB%93%A0+%EB%8B%A4%EC%9D%B4%EB%B8%8C%EC%9D%B8+%EC%84%B8%EB%9F%BC&cate=18255390,False,50ml
스킨1004,앰플,20260614T072339Z,,,60,9460,스킨 1004 마다가스카르 센텔라 앰플 폼 125ml,마다가스카르 센텔라 앰플,스킨1004 센텔라 앰플,danawa,200,https://prod.danawa.com/info/?pcode=117523524&keyword=%EC%8A%A4%ED%82%A81004+%EC%84%BC%ED%85%94%EB%9D%BC+%EC%95%B0%ED%94%8C&cate=18322864,True,100ml
스킨1004,앰플,20260614T072339Z,,,80,13300,스킨 1004 마다가스카르 센텔라 앰플 100ml,마다가스카르 센텔라 앰플,스킨1004 센텔라 앰플,danawa,200,https://prod.danawa.com/info/?pcode=9484215&keyword=%EC%8A%A4%ED%82%A81004+%EC%84%BC%ED%85%94%EB%9D%BC+%EC%95%B0%ED%94%8C&cate=18255393,True,100ml
스킨1004,앰플,20260614T072339Z,,,60,8950,스킨 1004 마다가스카르 센텔라 앰플 55ml,마다가스카르 센텔라 앰플,스킨1004 센텔라 앰플,danawa,200,https://prod.danawa.com/info/?pcode=122278187&keyword=%EC%8A%A4%ED%82%A81004+%EC%84%BC%ED%85%94%EB%9D%BC+%EC%95%B0%ED%94%8C&cate=18255393,True,100ml
스킨1004,앰플,20260614T072339Z,,,80,12420,스킨 1004 마다가스카르 센텔라 톤 브라이트닝 캡슐 앰플 100ml,마다가스카르 센텔라 앰플,스킨1004 센텔라 앰플,danawa,200,https://prod.danawa.com/info/?pcode=118749221&keyword=%EC%8A%A4%ED%82%A81004+%EC%84%BC%ED%85%94%EB%9D%BC+%EC%95%B0%ED%94%8C&cate=18255393,True,100ml
스킨1004,앰플,20260614T072339Z,,,60,17000,스킨 1004 마다가스카르 센텔라 프로바이오시카 인텐시브 앰플 50ml,마다가스카르 센텔라 앰플,스킨1004 센텔라 앰플,danawa,200,https://prod.danawa.com/info/?pcode=120023388&keyword=%EC%8A%A4%ED%82%A81004+%EC%84%BC%ED%85%94%EB%9D%BC+%EC%95%B0%ED%94%8C&cate=18255393,True,100ml
스킨1004,앰플,20260614T072339Z,,,80,13390,스킨 1004 센텔라 포어마이징 프레쉬 앰플 100ml,마다가스카르 센텔라 앰플,스킨1004 센텔라 앰플,danawa,200,https://prod.danawa.com/info/?pcode=43597637&keyword=%EC%8A%A4%ED%82%A81004+%EC%84%BC%ED%85%94%EB%9D%BC+%EC%95%B0%ED%94%8C&cate=18255393,True,100ml
스킨1004,앰플,20260614T072339Z,,,60,15280,스킨 1004 마다가스카르 센텔라 프로바이오시카 글로우 선 앰플 50ml,마다가스카르 센텔라 앰플,스킨1004 센텔라 앰플,danawa,200,https://prod.danawa.com/info/?pcode=66051815&keyword=%EC%8A%A4%ED%82%A81004+%EC%84%BC%ED%85%94%EB%9D%BC+%EC%95%B0%ED%94%8C&cate=1833257,True,100ml
스킨1004,앰플,20260614T072339Z,,,80,13060,스킨 1004 마다가스카르 센텔라 포어마이징 프레쉬 앰플 100ml,마다가스카르 센텔라 앰플,스킨1004 센텔라 앰플,danawa,200,https://prod.danawa.com/info/?pcode=109745921&keyword=%EC%8A%A4%ED%82%A81004+%EC%84%BC%ED%85%94%EB%9D%BC+%EC%95%B0%ED%94%8C&cate=18255393,True,100ml
넘버즈인,세럼,20260614T072339Z,,,80,13710,넘버즈인 3번 보들보들 결 세럼 50ml,3번 보들보들 결 세럼,넘버즈인 3번 세럼,danawa,200,https://prod.danawa.com/info/?pcode=16003808&keyword=%EB%84%98%EB%B2%84%EC%A6%88%EC%9D%B8+3%EB%B2%88+%EC%84%B8%EB%9F%BC&cate=18255393,True,50ml
넘버즈인,세럼,20260614T072339Z,,,80,28850,넘버즈인 3번 보들보들 결 세럼 50ml,3번 보들보들 결 세럼,넘버즈인 3번 세럼,danawa,200,https://prod.danawa.com/info/?pcode=116096063&keyword=%EB%84%98%EB%B2%84%EC%A6%88%EC%9D%B8+3%EB%B2%88+%EC%84%B8%EB%9F%BC&cate=18255393,True,50ml
넘버즈인,세럼,20260614T072339Z,,mask_or_pack_variant,60,1550,넘버즈인 3번 참은만큼 보들보들 결 세럼 팩,3번 보들보들 결 세럼,넘버즈인 3번 세럼,danawa,200,https://prod.danawa.com/info/?pcode=30358436&keyword=%EB%84%98%EB%B2%84%EC%A6%88%EC%9D%B8+3%EB%B2%88+%EC%84%B8%EB%9F%BC&cate=1833746,False,50ml
넘버즈인,세럼,20260614T072339Z,,,80,28690,넘버즈인 3번 보들보들 결 세럼 50ml + 리필 50ml,3번 보들보들 결 세럼,넘버즈인 3번 세럼,danawa,200,https://prod.danawa.com/info/?pcode=100236317&keyword=%EB%84%98%EB%B2%84%EC%A6%88%EC%9D%B8+3%EB%B2%88+%EC%84%B8%EB%9F%BC&cate=18255393,True,50ml
넘버즈인,세럼,20260614T072339Z,,,60,73260,넘버즈인 3번 보들보들 결 세럼 80ml,3번 보들보들 결 세럼,넘버즈인 3번 세럼,danawa,200,https://prod.danawa.com/info/?pcode=118498340&keyword=%EB%84%98%EB%B2%84%EC%A6%88%EC%9D%B8+3%EB%B2%88+%EC%84%B8%EB%9F%BC&cate=18255393,True,50ml
넘버즈인,세럼,20260614T072339Z,,,80,41130,SSG 뷰티톤업 넘버즈인 3번 보들보들 결 세럼 50ml gs,3번 보들보들 결 세럼,넘버즈인 3번 세럼,danawa,200,https://prod.danawa.com/bridge/go_link_goods.php?cate_c1=9875&cate_c2=228061&cate_c3=228199&cate_c4=0&cmpny_c=EE309&link_prod_c=LO2700435273&keyword=%EB%84%98%EB%B2%84%EC%A6%88%EC%9D%B8+3%EB%B2%88+%EC%84%B8%EB%9F%BC&r=17814218425977&cate=18255393,True,50ml
넘버즈인,세럼,20260614T072339Z,,,80,71370,SSG 뷰티톤업 넘버즈인 3번 보들보들 결 세럼 1 안티에이징 주름개선 탄력강화1 (50ml 탄력강화50ml) 기획 제품 총 100ml (A,3번 보들보들 결 세럼,넘버즈인 3번 세럼,danawa,200,https://prod.danawa.com/bridge/go_link_goods.php?cate_c1=9875&cate_c2=228061&cate_c3=228199&cate_c4=0&cmpny_c=EE309&link_prod_c=LO2700489291&keyword=%EB%84%98%EB%B2%84%EC%A6%88%EC%9D%B8+3%EB%B2%88+%EC%84%B8%EB%9F%BC&r=17814218429126&cate=18255393,True,50ml
넘버즈인,세럼,20260614T072339Z,,,60,77400,넘버즈인 필수뷰티 2개 넘버즈인 3번 보들보들 결 세럼,3번 보들보들 결 세럼,넘버즈인 3번 세럼,danawa,200,https://prod.danawa.com/bridge/go_link_goods.php?cate_c1=9875&cate_c2=228061&cate_c3=228199&cate_c4=0&cmpny_c=EE309&link_prod_c=LO2700391352&keyword=%EB%84%98%EB%B2%84%EC%A6%88%EC%9D%B8+3%EB%B2%88+%EC%84%B8%EB%9F%BC&r=17814218427516&cate=18255393,True,50ml
코스알엑스,에센스,20260614T072339Z,,,90,14490,코스알엑스 어드벤스드 스네일 96 뮤신 파워 에센스 100ml,어드밴스드 스네일 96 뮤신 에센스,코스알엑스 스네일 96 에센스,danawa,200,https://prod.danawa.com/info/?pcode=3929170&keyword=%EC%BD%94%EC%8A%A4%EC%95%8C%EC%97%91%EC%8A%A4+%EC%8A%A4%EB%84%A4%EC%9D%BC+96+%EC%97%90%EC%84%BC%EC%8A%A4&cate=18255393,True,100ml
코스알엑스,에센스,20260614T072339Z,,,70,12150,코스알엑스 코스알엑스 코스알엑스 어드벤스드 스네일 96 뮤신파워 에센스,어드밴스드 스네일 96 뮤신 에센스,코스알엑스 스네일 96 에센스,danawa,200,https://prod.danawa.com/bridge/go_link_goods.php?cate_c1=9875&cate_c2=228061&cate_c3=228199&cate_c4=0&cmpny_c=EE128&link_prod_c=4702776472&keyword=%EC%BD%94%EC%8A%A4%EC%95%8C%EC%97%91%EC%8A%A4+%EC%8A%A4%EB%84%A4%EC%9D%BC+96+%EC%97%90%EC%84%BC%EC%8A%A4&r=17814218443143&cate=18255393,True,100ml
코스알엑스,에센스,20260614T072339Z,,,90,21810,코스알엑스 코스알엑스 어드벤스드 스네일 96 뮤신 파워 에센스 100ml,어드밴스드 스네일 96 뮤신 에센스,코스알엑스 스네일 96 에센스,danawa,200,https://prod.danawa.com/bridge/go_link_goods.php?cate_c1=9875&cate_c2=228061&cate_c3=228199&cate_c4=0&cmpny_c=TH201&link_prod_c=9417924035&keyword=%EC%BD%94%EC%8A%A4%EC%95%8C%EC%97%91%EC%8A%A4+%EC%8A%A4%EB%84%A4%EC%9D%BC+96+%EC%97%90%EC%84%BC%EC%8A%A4&r=17814218448308&cate=18255393,True,100ml
코스알엑스,에센스,20260614T072339Z,,,90,22240,코스알엑스 코스알엑스 어드벤스드 스네일 96 뮤신 파워 에센스 100ml,어드밴스드 스네일 96 뮤신 에센스,코스알엑스 스네일 96 에센스,danawa,200,https://prod.danawa.com/bridge/go_link_goods.php?cate_c1=9875&cate_c2=228061&cate_c3=228199&cate_c4=0&cmpny_c=EE309&link_prod_c=LO2697964203&keyword=%EC%BD%94%EC%8A%A4%EC%95%8C%EC%97%91%EC%8A%A4+%EC%8A%A4%EB%84%A4%EC%9D%BC+96+%EC%97%90%EC%84%BC%EC%8A%A4&r=17814218449554&cate=18255393,True,100ml
코스알엑스,에센스,20260614T072339Z,,,90,30330,UnKnown [보습광채] 코스알엑스 어드벤스드 스네일 96 뮤신 파워 에센스 100ml,어드밴스드 스네일 96 뮤신 에센스,코스알엑스 스네일 96 에센스,danawa,200,https://prod.danawa.com/bridge/go_link_goods.php?cate_c1=9875&cate_c2=228061&cate_c3=228199&cate_c4=0&cmpny_c=EE309&link_prod_c=LO2697089960&keyword=%EC%BD%94%EC%8A%A4%EC%95%8C%EC%97%91%EC%8A%A4+%EC%8A%A4%EB%84%A4%EC%9D%BC+96+%EC%97%90%EC%84%BC%EC%8A%A4&r=17814218446249&cate=18255393,True,100ml
코스알엑스,에센스,20260614T072339Z,,,90,28820,[보습광채] 코스알엑스 어드벤스드 스네일 96 뮤신 파워 에센스 100ml,어드밴스드 스네일 96 뮤신 에센스,코스알엑스 스네일 96 에센스,danawa,200,https://prod.danawa.com/bridge/go_link_goods.php?cate_c1=9875&cate_c2=228061&cate_c3=228199&cate_c4=0&cmpny_c=TH201&link_prod_c=9414256796&keyword=%EC%BD%94%EC%8A%A4%EC%95%8C%EC%97%91%EC%8A%A4+%EC%8A%A4%EB%84%A4%EC%9D%BC+96+%EC%97%90%EC%84%BC%EC%8A%A4&r=17814218441702&cate=18255393,True,100ml
코스알엑스,에센스,20260614T072339Z,,,90,46000,코스알엑스 [해외] 코스알엑스 코스알엑스 어드밴스드 스네일 Advanced Snail 96 뮤신 파워 에센스 100ml,어드밴스드 스네일 96 뮤신 에센스,코스알엑스 스네일 96 에센스,danawa,200,https://prod.danawa.com/bridge/go_link_goods.php?cate_c1=9875&cate_c2=228061&cate_c3=228199&cate_c4=0&cmpny_c=EE128&link_prod_c=4768347297&keyword=%EC%BD%94%EC%8A%A4%EC%95%8C%EC%97%91%EC%8A%A4+%EC%8A%A4%EB%84%A4%EC%9D%BC+96+%EC%97%90%EC%84%BC%EC%8A%A4&r=17814218444470&cate=18255393,True,100ml
코스알엑스,에센스,20260614T072339Z,,,90,46000,코스알엑스 [해외] 코스알엑스 코스알엑스 어드밴스드 스네일 Advanced Snail 96 뮤신 파워 에센스 100ml,어드밴스드 스네일 96 뮤신 에센스,코스알엑스 스네일 96 에센스,danawa,200,https://prod.danawa.com/bridge/go_link_goods.php?cate_c1=9875&cate_c2=228061&cate_c3=228199&cate_c4=0&cmpny_c=EE715&link_prod_c=F576312296&keyword=%EC%BD%94%EC%8A%A4%EC%95%8C%EC%97%91%EC%8A%A4+%EC%8A%A4%EB%84%A4%EC%9D%BC+96+%EC%97%90%EC%84%BC%EC%8A%A4&r=17814218449369&cate=18255393,True,100ml
에스트라,크림,20260614T072339Z,,,80,20150,에스트라 2세대 아토베리어 365 크림 80ml,아토베리어365 크림,에스트라 아토베리어365 크림,danawa,200,https://prod.danawa.com/info/?pcode=37394567&keyword=%EC%97%90%EC%8A%A4%ED%8A%B8%EB%9D%BC+%EC%95%84%ED%86%A0%EB%B2%A0%EB%A6%AC%EC%96%B4365+%ED%81%AC%EB%A6%BC&cate=18355397,True,80ml
에스트라,크림,20260614T072339Z,,,80,24684,에스트라 아토베리어 365 하이드로 수딩 크림 80ml,아토베리어365 크림,에스트라 아토베리어365 크림,danawa,200,https://prod.danawa.com/info/?pcode=122690390&keyword=%EC%97%90%EC%8A%A4%ED%8A%B8%EB%9D%BC+%EC%95%84%ED%86%A0%EB%B2%A0%EB%A6%AC%EC%96%B4365+%ED%81%AC%EB%A6%BC&cate=18355397,True,80ml
에스트라,크림,20260614T072339Z,,,60,32140,에스트라 아토베리어 365 크림 플러스 90ml,아토베리어365 크림,에스트라 아토베리어365 크림,danawa,200,https://prod.danawa.com/info/?pcode=19744340&keyword=%EC%97%90%EC%8A%A4%ED%8A%B8%EB%9D%BC+%EC%95%84%ED%86%A0%EB%B2%A0%EB%A6%AC%EC%96%B4365+%ED%81%AC%EB%A6%BC&cate=18355397,True,80ml
에스트라,크림,20260614T072339Z,,,80,20600,에스트라 2세대 아토베리어 365 크림 80ml+30ml,아토베리어365 크림,에스트라 아토베리어365 크림,danawa,200,https://prod.danawa.com/info/?pcode=45425984&keyword=%EC%97%90%EC%8A%A4%ED%8A%B8%EB%9D%BC+%EC%95%84%ED%86%A0%EB%B2%A0%EB%A6%AC%EC%96%B4365+%ED%81%AC%EB%A6%BC&cate=18355397,True,80ml
에스트라,크림,20260614T072339Z,,,60,12950,에스트라 아토베리어 365 크림 미스트 120ml,아토베리어365 크림,에스트라 아토베리어365 크림,danawa,200,https://prod.danawa.com/info/?pcode=14056271&keyword=%EC%97%90%EC%8A%A4%ED%8A%B8%EB%9D%BC+%EC%95%84%ED%86%A0%EB%B2%A0%EB%A6%AC%EC%96%B4365+%ED%81%AC%EB%A6%BC&cate=1833204,True,80ml
에스트라,크림,20260614T072339Z,,,60,18920,에스트라 아토베리어 365 바디 크림 250ml,아토베리어365 크림,에스트라 아토베리어365 크림,danawa,200,https://prod.danawa.com/info/?pcode=16167515&keyword=%EC%97%90%EC%8A%A4%ED%8A%B8%EB%9D%BC+%EC%95%84%ED%86%A0%EB%B2%A0%EB%A6%AC%EC%96%B4365+%ED%81%AC%EB%A6%BC&cate=18323719,True,80ml
에스트라,크림,20260614T072339Z,,,80,18810,에스트라 아토베리어 365 크림 (구) 80ml,아토베리어365 크림,에스트라 아토베리어365 크림,danawa,200,https://prod.danawa.com/info/?pcode=6521915&keyword=%EC%97%90%EC%8A%A4%ED%8A%B8%EB%9D%BC+%EC%95%84%ED%86%A0%EB%B2%A0%EB%A6%AC%EC%96%B4365+%ED%81%AC%EB%A6%BC&cate=18355397,True,80ml
에스트라,크림,20260614T072339Z,,,60,21490,에스트라 아토베리어 365 하이드로 수딩 크림 60ml,아토베리어365 크림,에스트라 아토베리어365 크림,danawa,200,https://prod.danawa.com/info/?pcode=14574704&keyword=%EC%97%90%EC%8A%A4%ED%8A%B8%EB%9D%BC+%EC%95%84%ED%86%A0%EB%B2%A0%EB%A6%AC%EC%96%B4365+%ED%81%AC%EB%A6%BC&cate=18355400,True,80ml
일리윤,크림,20260614T072339Z,,,70,25720,일리윤 세라마이드 아토 집중 크림 250ml 2개 + 아토 집중 크림 30ml 2개,세라마이드 아토 집중 크림,일리윤 세라마이드 아토 집중 크림,danawa,200,https://prod.danawa.com/info/?pcode=70679027&keyword=%EC%9D%BC%EB%A6%AC%EC%9C%A4+%EC%84%B8%EB%9D%BC%EB%A7%88%EC%9D%B4%EB%93%9C+%EC%95%84%ED%86%A0+%EC%A7%91%EC%A4%91+%ED%81%AC%EB%A6%BC&cate=18355397,True,200ml
일리윤,크림,20260614T072339Z,,,90,13610,일리윤 세라마이드 아토 집중 크림 200ml,세라마이드 아토 집중 크림,일리윤 세라마이드 아토 집중 크림,danawa,200,https://prod.danawa.com/info/?pcode=5513881&keyword=%EC%9D%BC%EB%A6%AC%EC%9C%A4+%EC%84%B8%EB%9D%BC%EB%A7%88%EC%9D%B4%EB%93%9C+%EC%95%84%ED%86%A0+%EC%A7%91%EC%A4%91+%ED%81%AC%EB%A6%BC&cate=18355397,True,200ml
일리윤,크림,20260614T072339Z,,,70,23900,일리윤 세라마이드 아토 집중 크림 (구) 500ml,세라마이드 아토 집중 크림,일리윤 세라마이드 아토 집중 크림,danawa,200,https://prod.danawa.com/info/?pcode=5478692&keyword=%EC%9D%BC%EB%A6%AC%EC%9C%A4+%EC%84%B8%EB%9D%BC%EB%A7%88%EC%9D%B4%EB%93%9C+%EC%95%84%ED%86%A0+%EC%A7%91%EC%A4%91+%ED%81%AC%EB%A6%BC&cate=18355397,True,200ml
일리윤,크림,20260614T072339Z,,,70,16300,일리윤 세라마이드 아토 집중 크림 (구) 230ml,세라마이드 아토 집중 크림,일리윤 세라마이드 아토 집중 크림,danawa,200,https://prod.danawa.com/info/?pcode=94242062&keyword=%EC%9D%BC%EB%A6%AC%EC%9C%A4+%EC%84%B8%EB%9D%BC%EB%A7%88%EC%9D%B4%EB%93%9C+%EC%95%84%ED%86%A0+%EC%A7%91%EC%A4%91+%ED%81%AC%EB%A6%BC&cate=18355397,True,200ml
일리윤,크림,20260614T072339Z,,,70,12300,일리윤 세라마이드 아토 집중 크림 230ml,세라마이드 아토 집중 크림,일리윤 세라마이드 아토 집중 크림,danawa,200,https://prod.danawa.com/info/?pcode=114711192&keyword=%EC%9D%BC%EB%A6%AC%EC%9C%A4+%EC%84%B8%EB%9D%BC%EB%A7%88%EC%9D%B4%EB%93%9C+%EC%95%84%ED%86%A0+%EC%A7%91%EC%A4%91+%ED%81%AC%EB%A6%BC&cate=18355397,True,200ml
일리윤,크림,20260614T072339Z,,,70,8750,일리윤 세라마이드 아토 집중 크림 150ml,세라마이드 아토 집중 크림,일리윤 세라마이드 아토 집중 크림,danawa,200,https://prod.danawa.com/info/?pcode=10096686&keyword=%EC%9D%BC%EB%A6%AC%EC%9C%A4+%EC%84%B8%EB%9D%BC%EB%A7%88%EC%9D%B4%EB%93%9C+%EC%95%84%ED%86%A0+%EC%A7%91%EC%A4%91+%ED%81%AC%EB%A6%BC&cate=18355397,True,200ml
일리윤,크림,20260614T072339Z,,,70,8370,일리윤 세라마이드 아토 집중 크림 30ml,세라마이드 아토 집중 크림,일리윤 세라마이드 아토 집중 크림,danawa,200,https://prod.danawa.com/info/?pcode=94242068&keyword=%EC%9D%BC%EB%A6%AC%EC%9C%A4+%EC%84%B8%EB%9D%BC%EB%A7%88%EC%9D%B4%EB%93%9C+%EC%95%84%ED%86%A0+%EC%A7%91%EC%A4%91+%ED%81%AC%EB%A6%BC&cate=18355397,True,200ml
일리윤,크림,20260614T072339Z,,,70,24280,일리윤 세라마이드 아토 집중 크림 500ml,세라마이드 아토 집중 크림,일리윤 세라마이드 아토 집중 크림,danawa,200,https://prod.danawa.com/info/?pcode=120750054&keyword=%EC%9D%BC%EB%A6%AC%EC%9C%A4+%EC%84%B8%EB%9D%BC%EB%A7%88%EC%9D%B4%EB%93%9C+%EC%95%84%ED%86%A0+%EC%A7%91%EC%A4%91+%ED%81%AC%EB%A6%BC&cate=18355397,True,200ml
에뛰드,크림,20260614T072339Z,,,90,9570,에뛰드 하우스 순정 2x 베리어 보습 크림 60ml,순정 2x 베리어 크림,에뛰드 순정 2x 베리어 크림,danawa,200,https://prod.danawa.com/info/?pcode=5018784&keyword=%EC%97%90%EB%9B%B0%EB%93%9C+%EC%88%9C%EC%A0%95+2x+%EB%B2%A0%EB%A6%AC%EC%96%B4+%ED%81%AC%EB%A6%BC&cate=18355397,True,60ml
에뛰드,크림,20260614T072339Z,,,70,15640,에뛰드 하우스 순정 2x 베리어 보습 크림 AD,순정 2x 베리어 크림,에뛰드 순정 2x 베리어 크림,danawa,200,https://prod.danawa.com/info/?pcode=30646763&keyword=%EC%97%90%EB%9B%B0%EB%93%9C+%EC%88%9C%EC%A0%95+2x+%EB%B2%A0%EB%A6%AC%EC%96%B4+%ED%81%AC%EB%A6%BC&cate=18355397,True,60ml
에뛰드,크림,20260614T072339Z,,,90,34200,에뛰드 필수뷰티 에뛰드 순정 2x 베리어 보습 크림 60ml,순정 2x 베리어 크림,에뛰드 순정 2x 베리어 크림,danawa,200,https://prod.danawa.com/bridge/go_link_goods.php?cate_c1=9875&cate_c2=228061&cate_c3=228184&cate_c4=229555&cmpny_c=EE309&link_prod_c=LO2698576937&keyword=%EC%97%90%EB%9B%B0%EB%93%9C+%EC%88%9C%EC%A0%95+2x+%EB%B2%A0%EB%A6%AC%EC%96%B4+%ED%81%AC%EB%A6%BC&r=17814218503678&cate=18355397,True,60ml
에뛰드,크림,20260614T072339Z,,,90,35440,뷰티톤업 [ 에뛰드 ] 순정 2X 베리어 보습 크림 60ml,순정 2x 베리어 크림,에뛰드 순정 2x 베리어 크림,danawa,200,https://prod.danawa.com/bridge/go_link_goods.php?cate_c1=9875&cate_c2=228061&cate_c3=228184&cate_c4=229555&cmpny_c=TH201&link_prod_c=9393326103&keyword=%EC%97%90%EB%9B%B0%EB%93%9C+%EC%88%9C%EC%A0%95+2x+%EB%B2%A0%EB%A6%AC%EC%96%B4+%ED%81%AC%EB%A6%BC&r=17814218508262&cate=18355397,True,60ml
에뛰드,크림,20260614T072339Z,,,90,22900,[ 에뛰드 ] new 순정 2x 베리어 보습 크림 60ml,순정 2x 베리어 크림,에뛰드 순정 2x 베리어 크림,danawa,200,https://prod.danawa.com/bridge/go_link_goods.php?cate_c1=9875&cate_c2=228061&cate_c3=228184&cate_c4=229555&cmpny_c=TH201&link_prod_c=9343311565&keyword=%EC%97%90%EB%9B%B0%EB%93%9C+%EC%88%9C%EC%A0%95+2x+%EB%B2%A0%EB%A6%AC%EC%96%B4+%ED%81%AC%EB%A6%BC&r=17814218501455&cate=18355397,True,60ml
에뛰드,크림,20260614T072339Z,,,90,15810,(주) 에뛰드 순정 2x 베리어 보습 크림 60ml 민감한 피부용 수분 크림 저자극 케어,순정 2x 베리어 크림,에뛰드 순정 2x 베리어 크림,danawa,200,https://prod.danawa.com/bridge/go_link_goods.php?cate_c1=9875&cate_c2=228061&cate_c3=228184&cate_c4=229555&cmpny_c=TH201&link_prod_c=3015016900&keyword=%EC%97%90%EB%9B%B0%EB%93%9C+%EC%88%9C%EC%A0%95+2x+%EB%B2%A0%EB%A6%AC%EC%96%B4+%ED%81%AC%EB%A6%BC&r=17814218501010&cate=18355397,True,60ml
에뛰드,크림,20260614T072339Z,,,90,17000,(주) 에뛰드 순정 2x 베리어 보습 크림 60ml /민감한 피부용 수분 크림 /저자극 케어,순정 2x 베리어 크림,에뛰드 순정 2x 베리어 크림,danawa,200,https://prod.danawa.com/bridge/go_link_goods.php?cate_c1=9875&cate_c2=228061&cate_c3=228184&cate_c4=229555&cmpny_c=ED909&link_prod_c=58755821&keyword=%EC%97%90%EB%9B%B0%EB%93%9C+%EC%88%9C%EC%A0%95+2x+%EB%B2%A0%EB%A6%AC%EC%96%B4+%ED%81%AC%EB%A6%BC&r=17814218501874&cate=18355397,True,60ml
에뛰드,크림,20260614T072339Z,,,90,67990,에뛰드 하우스 순정 2x 베리어 보습 크림 60ml 6개,순정 2x 베리어 크림,에뛰드 순정 2x 베리어 크림,danawa,200,https://prod.danawa.com/bridge/go_link_goods.php?cate_c1=9875&cate_c2=228061&cate_c3=228184&cate_c4=229555&cmpny_c=TP40F&link_prod_c=I19665507246&keyword=%EC%97%90%EB%9B%B0%EB%93%9C+%EC%88%9C%EC%A0%95+2x+%EB%B2%A0%EB%A6%AC%EC%96%B4+%ED%81%AC%EB%A6%BC&r=17814218509730&cate=18355397,True,60ml
메디힐,패드,20260614T072339Z,,,80,21930,메디힐 마데카소사이드 흔적 패드 100매,마데카소사이드 흔적 패드,메디힐 마데카소사이드 패드,danawa,200,https://prod.danawa.com/info/?pcode=89518106&keyword=%EB%A9%94%EB%94%94%ED%9E%90+%EB%A7%88%EB%8D%B0%EC%B9%B4%EC%86%8C%EC%82%AC%EC%9D%B4%EB%93%9C+%ED%8C%A8%EB%93%9C&cate=18255391,True,100매
메디힐,패드,20260614T072339Z,,,80,31850,메디힐 마데카소사이드 흔적 패드 100매,마데카소사이드 흔적 패드,메디힐 마데카소사이드 패드,danawa,200,https://prod.danawa.com/info/?pcode=20404715&keyword=%EB%A9%94%EB%94%94%ED%9E%90+%EB%A7%88%EB%8D%B0%EC%B9%B4%EC%86%8C%EC%82%AC%EC%9D%B4%EB%93%9C+%ED%8C%A8%EB%93%9C&cate=18255391,True,100매
메디힐,패드,20260614T072339Z,,,60,23700,[대용량흔적 패드 ] mediheal l 마데카소사이드 흔적 패드 리필 떠블기획 집게 포함 메디힐 네모 패드 MEDIHEAL PAD 1개 200개입,마데카소사이드 흔적 패드,메디힐 마데카소사이드 패드,danawa,200,https://prod.danawa.com/bridge/go_link_goods.php?cate_c1=9875&cate_c2=228061&cate_c3=228214&cate_c4=229609&cmpny_c=TP40F&link_prod_c=I25295285026&keyword=%EB%A9%94%EB%94%94%ED%9E%90+%EB%A7%88%EB%8D%B0%EC%B9%B4%EC%86%8C%EC%82%AC%EC%9D%B4%EB%93%9C+%ED%8C%A8%EB%93%9C&r=17814218523241&cate=1833746,True,100매
메디힐,패드,20260614T072339Z,,brand_missing,20,36020,144866 MEDIHEAL KBO 콜라보/선수키링 증정 더마 토너 패드 200매 ( 마데카소사이드 /티트리/PDRN),마데카소사이드 흔적 패드,메디힐 마데카소사이드 패드,danawa,200,https://prod.danawa.com/bridge/go_link_goods.php?cate_c1=9875&cate_c2=228085&cate_c3=228493&cate_c4=0&cmpny_c=EE715&link_prod_c=F586948268&keyword=%EB%A9%94%EB%94%94%ED%9E%90+%EB%A7%88%EB%8D%B0%EC%B9%B4%EC%86%8C%EC%82%AC%EC%9D%B4%EB%93%9C+%ED%8C%A8%EB%93%9C&r=17814218526595&cate=18322871,False,100매
메디힐,패드,20260614T072339Z,,,60,34630,메디힐 마데카소사이드 흔적 패드 100 + 100(리필),마데카소사이드 흔적 패드,메디힐 마데카소사이드 패드,danawa,200,https://prod.danawa.com/bridge/go_link_goods.php?cate_c1=9875&cate_c2=228061&cate_c3=228193&cate_c4=0&cmpny_c=EE715&link_prod_c=F586972755&keyword=%EB%A9%94%EB%94%94%ED%9E%90+%EB%A7%88%EB%8D%B0%EC%B9%B4%EC%86%8C%EC%82%AC%EC%9D%B4%EB%93%9C+%ED%8C%A8%EB%93%9C&r=17814218525205&cate=18255391,True,100매
메디힐,패드,20260614T072339Z,,,60,35460,메디힐 마데카소사이드 흔적 패드 100 + 100(리필),마데카소사이드 흔적 패드,메디힐 마데카소사이드 패드,danawa,200,https://prod.danawa.com/bridge/go_link_goods.php?cate_c1=9875&cate_c2=228061&cate_c3=228193&cate_c4=0&cmpny_c=EE128&link_prod_c=4778983845&keyword=%EB%A9%94%EB%94%94%ED%9E%90+%EB%A7%88%EB%8D%B0%EC%B9%B4%EC%86%8C%EC%82%AC%EC%9D%B4%EB%93%9C+%ED%8C%A8%EB%93%9C&r=17814218528730&cate=18255391,True,100매
메디힐,패드,20260614T072339Z,,brand_missing,20,37260,144866 MEDIHEAL KBO 콜라보/선수키링 증정 더마 토너 패드 200매 ( 마데카소사이드 /티트리/PDRN),마데카소사이드 흔적 패드,메디힐 마데카소사이드 패드,danawa,200,https://prod.danawa.com/bridge/go_link_goods.php?cate_c1=9875&cate_c2=228085&cate_c3=228499&cate_c4=0&cmpny_c=EE128&link_prod_c=4778957308&keyword=%EB%A9%94%EB%94%94%ED%9E%90+%EB%A7%88%EB%8D%B0%EC%B9%B4%EC%86%8C%EC%82%AC%EC%9D%B4%EB%93%9C+%ED%8C%A8%EB%93%9C&r=17814218523477&cate=18222863,False,100매
메디힐,패드,20260614T072339Z,,,60,38130,메디힐 마데카소사이드 흔적 패드 100 + 100(리필),마데카소사이드 흔적 패드,메디힐 마데카소사이드 패드,danawa,200,https://prod.danawa.com/bridge/go_link_goods.php?cate_c1=9875&cate_c2=228061&cate_c3=228193&cate_c4=0&cmpny_c=TH201&link_prod_c=9424742129&keyword=%EB%A9%94%EB%94%94%ED%9E%90+%EB%A7%88%EB%8D%B0%EC%B9%B4%EC%86%8C%EC%82%AC%EC%9D%B4%EB%93%9C+%ED%8C%A8%EB%93%9C&r=17814218523026&cate=18255391,True,100매
니들리,패드,20260614T072339Z,,,90,19550,니들리 데일리 토너 패드 60매,데일리 토너 패드,니들리 데일리 토너 패드,danawa,200,https://prod.danawa.com/info/?pcode=12587132&keyword=%EB%8B%88%EB%93%A4%EB%A6%AC+%EB%8D%B0%EC%9D%BC%EB%A6%AC+%ED%86%A0%EB%84%88+%ED%8C%A8%EB%93%9C&cate=18255391,True,60매
니들리,패드,20260614T072339Z,,,90,19550,니들리 데일리 토너 패드 60매,데일리 토너 패드,니들리 데일리 토너 패드,danawa,200,https://prod.danawa.com/info/?pcode=115724427&keyword=%EB%8B%88%EB%93%A4%EB%A6%AC+%EB%8D%B0%EC%9D%BC%EB%A6%AC+%ED%86%A0%EB%84%88+%ED%8C%A8%EB%93%9C&cate=18255391,True,60매
니들리,패드,20260614T072339Z,,mask_or_pack_variant,90,93330,SSG 수분보충 니들리 데일리 모공 토너 패드 추천 닦토 팩토 60매,데일리 토너 패드,니들리 데일리 토너 패드,danawa,200,https://prod.danawa.com/bridge/go_link_goods.php?cate_c1=9875&cate_c2=228061&cate_c3=228193&cate_c4=0&cmpny_c=EE309&link_prod_c=LO2700451588&keyword=%EB%8B%88%EB%93%A4%EB%A6%AC+%EB%8D%B0%EC%9D%BC%EB%A6%AC+%ED%86%A0%EB%84%88+%ED%8C%A8%EB%93%9C&r=17814218546703&cate=18255391,False,60매
니들리,패드,20260614T072339Z,,brand_missing,30,31800,144794 NEEDLY 데일리 토너 패드 80매 NONE,데일리 토너 패드,니들리 데일리 토너 패드,danawa,200,https://prod.danawa.com/bridge/go_link_goods.php?cate_c1=9875&cate_c2=228061&cate_c3=228193&cate_c4=0&cmpny_c=TP40F&link_prod_c=I28661194322&keyword=%EB%8B%88%EB%93%A4%EB%A6%AC+%EB%8D%B0%EC%9D%BC%EB%A6%AC+%ED%86%A0%EB%84%88+%ED%8C%A8%EB%93%9C&r=17814218549986&cate=18255391,False,60매
니들리,패드,20260614T072339Z,,,70,53000,니들리 데일리 토너 패드 80매 (+80매 리필) +리필 80매 1개 80매입,데일리 토너 패드,니들리 데일리 토너 패드,danawa,200,https://prod.danawa.com/bridge/go_link_goods.php?cate_c1=9875&cate_c2=228061&cate_c3=228193&cate_c4=0&cmpny_c=TP40F&link_prod_c=I28657721544&keyword=%EB%8B%88%EB%93%A4%EB%A6%AC+%EB%8D%B0%EC%9D%BC%EB%A6%AC+%ED%86%A0%EB%84%88+%ED%8C%A8%EB%93%9C&r=17814218542826&cate=18255391,True,60매
니들리,패드,20260614T072339Z,,brand_missing,30,28890,144794 NEEDLY 데일리 토너 패드 80매,데일리 토너 패드,니들리 데일리 토너 패드,danawa,200,https://prod.danawa.com/bridge/go_link_goods.php?cate_c1=9875&cate_c2=228085&cate_c3=228493&cate_c4=0&cmpny_c=EE715&link_prod_c=F586930005&keyword=%EB%8B%88%EB%93%A4%EB%A6%AC+%EB%8D%B0%EC%9D%BC%EB%A6%AC+%ED%86%A0%EB%84%88+%ED%8C%A8%EB%93%9C&r=17814218542410&cate=18322871,False,60매
니들리,패드,20260614T072339Z,,brand_missing,30,29880,144794 NEEDLY 데일리 토너 패드 80매,데일리 토너 패드,니들리 데일리 토너 패드,danawa,200,https://prod.danawa.com/bridge/go_link_goods.php?cate_c1=9875&cate_c2=228085&cate_c3=228499&cate_c4=0&cmpny_c=EE128&link_prod_c=4778941293&keyword=%EB%8B%88%EB%93%A4%EB%A6%AC+%EB%8D%B0%EC%9D%BC%EB%A6%AC+%ED%86%A0%EB%84%88+%ED%8C%A8%EB%93%9C&r=17814218549553&cate=18222863,False,60매
니들리,패드,20260614T072339Z,,brand_missing,30,29890,NEEDLY 144794 NEEDLY 데일리 토너 패드 80매,데일리 토너 패드,니들리 데일리 토너 패드,danawa,200,https://prod.danawa.com/bridge/go_link_goods.php?cate_c1=72&cate_c2=59670&cate_c3=59686&cate_c4=0&cmpny_c=EE309&link_prod_c=LO2699783966&keyword=%EB%8B%88%EB%93%A4%EB%A6%AC+%EB%8D%B0%EC%9D%BC%EB%A6%AC+%ED%86%A0%EB%84%88+%ED%8C%A8%EB%93%9C&r=17814218549836&cate=10248632,False,60매
마녀공장,클렌징,20260614T072339Z,,,90,15370,마녀 공장 퓨어 클렌징 오일 200ml,퓨어 클렌징 오일,마녀공장 퓨어 클렌징 오일,danawa,200,https://prod.danawa.com/info/?pcode=6147107&keyword=%EB%A7%88%EB%85%80%EA%B3%B5%EC%9E%A5+%ED%93%A8%EC%96%B4+%ED%81%B4%EB%A0%8C%EC%A7%95+%EC%98%A4%EC%9D%BC&cate=18322866,True,200ml
마녀공장,클렌징,20260614T072339Z,,,70,29050,마녀 공장 퓨어 클렌징 오일 400ml,퓨어 클렌징 오일,마녀공장 퓨어 클렌징 오일,danawa,200,https://prod.danawa.com/info/?pcode=11264799&keyword=%EB%A7%88%EB%85%80%EA%B3%B5%EC%9E%A5+%ED%93%A8%EC%96%B4+%ED%81%B4%EB%A0%8C%EC%A7%95+%EC%98%A4%EC%9D%BC&cate=18322864,True,200ml
마녀공장,클렌징,20260614T072339Z,,,70,27020,마녀 공장 퓨어 클렌징 오일 400ml,퓨어 클렌징 오일,마녀공장 퓨어 클렌징 오일,danawa,200,https://prod.danawa.com/info/?pcode=119240089&keyword=%EB%A7%88%EB%85%80%EA%B3%B5%EC%9E%A5+%ED%93%A8%EC%96%B4+%ED%81%B4%EB%A0%8C%EC%A7%95+%EC%98%A4%EC%9D%BC&cate=18322866,True,200ml
마녀공장,클렌징,20260614T072339Z,,,70,23100,마녀 공장 퓨어 클렌징 오일 145ml + 클렌징 폼 100ml 듀오세트,퓨어 클렌징 오일,마녀공장 퓨어 클렌징 오일,danawa,200,https://prod.danawa.com/info/?pcode=122673459&keyword=%EB%A7%88%EB%85%80%EA%B3%B5%EC%9E%A5+%ED%93%A8%EC%96%B4+%ED%81%B4%EB%A0%8C%EC%A7%95+%EC%98%A4%EC%9D%BC&cate=18322866,True,200ml
마녀공장,클렌징,20260614T072339Z,,,70,21130,마녀 공장 블랙헤드 퓨어 클렌징 오일 킬패드 50매,퓨어 클렌징 오일,마녀공장 퓨어 클렌징 오일,danawa,200,https://prod.danawa.com/info/?pcode=122673480&keyword=%EB%A7%88%EB%85%80%EA%B3%B5%EC%9E%A5+%ED%93%A8%EC%96%B4+%ED%81%B4%EB%A0%8C%EC%A7%95+%EC%98%A4%EC%9D%BC&cate=18322871,True,200ml
마녀공장,클렌징,20260614T072339Z,,,90,32000,마녀 공장 퓨어 클렌징 오일 딥 클린 200ml,퓨어 클렌징 오일,마녀공장 퓨어 클렌징 오일,danawa,200,https://prod.danawa.com/info/?pcode=122674285&keyword=%EB%A7%88%EB%85%80%EA%B3%B5%EC%9E%A5+%ED%93%A8%EC%96%B4+%ED%81%B4%EB%A0%8C%EC%A7%95+%EC%98%A4%EC%9D%BC&cate=18322866,True,200ml
마녀공장,클렌징,20260614T072339Z,,,70,8170,마녀 공장 퓨어 클렌징 오일 100ml,퓨어 클렌징 오일,마녀공장 퓨어 클렌징 오일,danawa,200,https://prod.danawa.com/info/?pcode=67465181&keyword=%EB%A7%88%EB%85%80%EA%B3%B5%EC%9E%A5+%ED%93%A8%EC%96%B4+%ED%81%B4%EB%A0%8C%EC%A7%95+%EC%98%A4%EC%9D%BC&cate=18322866,True,200ml
마녀공장,클렌징,20260614T072339Z,,,90,23200,마녀 공장 퓨어 클렌징 오일 딥클린 200ml,퓨어 클렌징 오일,마녀공장 퓨어 클렌징 오일,danawa,200,https://prod.danawa.com/info/?pcode=30705413&keyword=%EB%A7%88%EB%85%80%EA%B3%B5%EC%9E%A5+%ED%93%A8%EC%96%B4+%ED%81%B4%EB%A0%8C%EC%A7%95+%EC%98%A4%EC%9D%BC&cate=18322866,True,200ml
바이오더마,클렌징워터,20260614T072339Z,,,80,13570,바이오더마 센시비오 H2O 클렌징 워터 500ml,센시비오 H2O,바이오더마 센시비오 H2O,danawa,200,https://prod.danawa.com/info/?pcode=3090485&keyword=%EB%B0%94%EC%9D%B4%EC%98%A4%EB%8D%94%EB%A7%88+%EC%84%BC%EC%8B%9C%EB%B9%84%EC%98%A4+H2O&cate=18322872,True,500ml
바이오더마,클렌징워터,20260614T072339Z,,,80,40050,바이오더마 센시비오 클렌징 H2O 500ml x 2p + 100ml 1세트,센시비오 H2O,바이오더마 센시비오 H2O,danawa,200,https://prod.danawa.com/info/?pcode=30701438&keyword=%EB%B0%94%EC%9D%B4%EC%98%A4%EB%8D%94%EB%A7%88+%EC%84%BC%EC%8B%9C%EB%B9%84%EC%98%A4+H2O&cate=18322872,True,500ml
바이오더마,클렌징워터,20260614T072339Z,,,60,5428,바이오더마 센시비오 H2O 클렌징 워터 100ml,센시비오 H2O,바이오더마 센시비오 H2O,danawa,200,https://prod.danawa.com/info/?pcode=57241754&keyword=%EB%B0%94%EC%9D%B4%EC%98%A4%EB%8D%94%EB%A7%88+%EC%84%BC%EC%8B%9C%EB%B9%84%EC%98%A4+H2O&cate=18322872,True,500ml
바이오더마,클렌징워터,20260614T072339Z,,,60,79700,바이오더마 센시비오 H2O 클렌징 워터 850ml,센시비오 H2O,바이오더마 센시비오 H2O,danawa,200,https://prod.danawa.com/info/?pcode=103264316&keyword=%EB%B0%94%EC%9D%B4%EC%98%A4%EB%8D%94%EB%A7%88+%EC%84%BC%EC%8B%9C%EB%B9%84%EC%98%A4+H2O&cate=18322872,True,500ml
바이오더마,클렌징워터,20260614T072339Z,,,80,20150,바이오더마 센시비오 H2O 클렌징 워터 펌프형 500ml,센시비오 H2O,바이오더마 센시비오 H2O,danawa,200,https://prod.danawa.com/info/?pcode=32915834&keyword=%EB%B0%94%EC%9D%B4%EC%98%A4%EB%8D%94%EB%A7%88+%EC%84%BC%EC%8B%9C%EB%B9%84%EC%98%A4+H2O&cate=18322872,True,500ml
바이오더마,클렌징워터,20260614T072339Z,,,60,35860,바이오더마 센시비오 H2O 클렌징워터 100ml,센시비오 H2O,바이오더마 센시비오 H2O,danawa,200,https://prod.danawa.com/info/?pcode=10548135&keyword=%EB%B0%94%EC%9D%B4%EC%98%A4%EB%8D%94%EB%A7%88+%EC%84%BC%EC%8B%9C%EB%B9%84%EC%98%A4+H2O&cate=18322864,True,500ml
바이오더마,클렌징워터,20260614T072339Z,,,60,11780,바이오더마 센시비오 H2O AR 250ml,센시비오 H2O,바이오더마 센시비오 H2O,danawa,200,https://prod.danawa.com/info/?pcode=40786028&keyword=%EB%B0%94%EC%9D%B4%EC%98%A4%EB%8D%94%EB%A7%88+%EC%84%BC%EC%8B%9C%EB%B9%84%EC%98%A4+H2O&cate=18322872,True,500ml
바이오더마,클렌징워터,20260614T072339Z,,,60,12000,바이오더마 센시비오 H2O eye 립 아이 리무버 125ml,센시비오 H2O,바이오더마 센시비오 H2O,danawa,200,https://prod.danawa.com/info/?pcode=30700298&keyword=%EB%B0%94%EC%9D%B4%EC%98%A4%EB%8D%94%EB%A7%88+%EC%84%BC%EC%8B%9C%EB%B9%84%EC%98%A4+H2O&cate=18322864,True,500ml
이니스프리,앰플,20260614T072339Z,,,70,26230,이니스프리 레티놀 시카 흔적 앰플 50ml,레티놀 시카 흔적 앰플,이니스프리 레티놀 시카 앰플,danawa,200,https://prod.danawa.com/info/?pcode=19173959&keyword=%EC%9D%B4%EB%8B%88%EC%8A%A4%ED%94%84%EB%A6%AC+%EB%A0%88%ED%8B%B0%EB%86%80+%EC%8B%9C%EC%B9%B4+%EC%95%B0%ED%94%8C&cate=18255393,True,30ml
이니스프리,앰플,20260614T072339Z,,,90,20250,이니스프리 레티놀 시카 흔적 앰플 30ml,레티놀 시카 흔적 앰플,이니스프리 레티놀 시카 앰플,danawa,200,https://prod.danawa.com/info/?pcode=28468094&keyword=%EC%9D%B4%EB%8B%88%EC%8A%A4%ED%94%84%EB%A6%AC+%EB%A0%88%ED%8B%B0%EB%86%80+%EC%8B%9C%EC%B9%B4+%EC%95%B0%ED%94%8C&cate=18255393,True,30ml
이니스프리,앰플,20260614T072339Z,,mask_or_pack_variant,70,1490,이니스프리 레티놀 시카 흔적 앰플 겔 마스크,레티놀 시카 흔적 앰플,이니스프리 레티놀 시카 앰플,danawa,200,https://prod.danawa.com/info/?pcode=99978068&keyword=%EC%9D%B4%EB%8B%88%EC%8A%A4%ED%94%84%EB%A6%AC+%EB%A0%88%ED%8B%B0%EB%86%80+%EC%8B%9C%EC%B9%B4+%EC%95%B0%ED%94%8C&cate=1833746,False,30ml
이니스프리,앰플,20260614T072339Z,,,70,32900,이니스프리 레티놀 시카 리페어 앰플 80ml,레티놀 시카 흔적 앰플,이니스프리 레티놀 시카 앰플,danawa,200,https://prod.danawa.com/info/?pcode=99978341&keyword=%EC%9D%B4%EB%8B%88%EC%8A%A4%ED%94%84%EB%A6%AC+%EB%A0%88%ED%8B%B0%EB%86%80+%EC%8B%9C%EC%B9%B4+%EC%95%B0%ED%94%8C&cate=18255393,True,30ml
이니스프리,앰플,20260614T072339Z,,,90,32480,이니스프리 레티놀 시카 리페어 앰플 (구) 30ml,레티놀 시카 흔적 앰플,이니스프리 레티놀 시카 앰플,danawa,200,https://prod.danawa.com/info/?pcode=41324429&keyword=%EC%9D%B4%EB%8B%88%EC%8A%A4%ED%94%84%EB%A6%AC+%EB%A0%88%ED%8B%B0%EB%86%80+%EC%8B%9C%EC%B9%B4+%EC%95%B0%ED%94%8C&cate=18255393,True,30ml
이니스프리,앰플,20260614T072339Z,,,70,22300,이니스프리 레티놀 시카 앰플 포커싱 패치 9매,레티놀 시카 흔적 앰플,이니스프리 레티놀 시카 앰플,danawa,200,https://prod.danawa.com/info/?pcode=89517977&keyword=%EC%9D%B4%EB%8B%88%EC%8A%A4%ED%94%84%EB%A6%AC+%EB%A0%88%ED%8B%B0%EB%86%80+%EC%8B%9C%EC%B9%B4+%EC%95%B0%ED%94%8C&cate=1833746,True,30ml
이니스프리,앰플,20260614T072339Z,,,70,36810,이니스프리 레티놀 시카 리페어 앰플 50ml,레티놀 시카 흔적 앰플,이니스프리 레티놀 시카 앰플,danawa,200,https://prod.danawa.com/info/?pcode=40779230&keyword=%EC%9D%B4%EB%8B%88%EC%8A%A4%ED%94%84%EB%A6%AC+%EB%A0%88%ED%8B%B0%EB%86%80+%EC%8B%9C%EC%B9%B4+%EC%95%B0%ED%94%8C&cate=18255393,True,30ml
이니스프리,앰플,20260614T072339Z,,brand_missing,30,49870,145296 INNISFREE 사은품 증정 (대용량) 레티놀 시카 흔적 앰플 50mL + 10mL 2개,레티놀 시카 흔적 앰플,이니스프리 레티놀 시카 앰플,danawa,200,https://prod.danawa.com/bridge/go_link_goods.php?cate_c1=9875&cate_c2=228061&cate_c3=228199&cate_c4=0&cmpny_c=EE128&link_prod_c=4779765829&keyword=%EC%9D%B4%EB%8B%88%EC%8A%A4%ED%94%84%EB%A6%AC+%EB%A0%88%ED%8B%B0%EB%86%80+%EC%8B%9C%EC%B9%B4+%EC%95%B0%ED%94%8C&r=17814218605766&cate=18255393,False,30ml
셀리맥스,앰플,20260614T072339Z,,,60,8790,셀리맥스 더 리얼 노니 에너지 앰플 미스트 50ml,노니 앰플,셀리맥스 노니 앰플,danawa,200,https://prod.danawa.com/info/?pcode=10320222&keyword=%EC%85%80%EB%A6%AC%EB%A7%A5%EC%8A%A4+%EB%85%B8%EB%8B%88+%EC%95%B0%ED%94%8C&cate=1833204,True,30ml
셀리맥스,앰플,20260614T072339Z,,,80,14900,셀리맥스 더 리얼 노니 에너지 앰플 30ml,노니 앰플,셀리맥스 노니 앰플,danawa,200,https://prod.danawa.com/info/?pcode=64167779&keyword=%EC%85%80%EB%A6%AC%EB%A7%A5%EC%8A%A4+%EB%85%B8%EB%8B%88+%EC%95%B0%ED%94%8C&cate=18255393,True,30ml
셀리맥스,앰플,20260614T072339Z,,mask_or_pack_variant,60,15000,셀리맥스 노니 앰플 마스크,노니 앰플,셀리맥스 노니 앰플,danawa,200,https://prod.danawa.com/info/?pcode=96824249&keyword=%EC%85%80%EB%A6%AC%EB%A7%A5%EC%8A%A4+%EB%85%B8%EB%8B%88+%EC%95%B0%ED%94%8C&cate=1833746,False,30ml
셀리맥스,앰플,20260614T072339Z,,mask_or_pack_variant,60,15000,셀리맥스 더 리얼 노니 에너지 앰플 마스크,노니 앰플,셀리맥스 노니 앰플,danawa,200,https://prod.danawa.com/info/?pcode=10208487&keyword=%EC%85%80%EB%A6%AC%EB%A7%A5%EC%8A%A4+%EB%85%B8%EB%8B%88+%EC%95%B0%ED%94%8C&cate=1823021,False,30ml
셀리맥스,앰플,20260614T072339Z,,,80,13790,셀리맥스 노니 에너지 앰플 30ml,노니 앰플,셀리맥스 노니 앰플,danawa,200,https://prod.danawa.com/info/?pcode=40780628&keyword=%EC%85%80%EB%A6%AC%EB%A7%A5%EC%8A%A4+%EB%85%B8%EB%8B%88+%EC%95%B0%ED%94%8C&cate=18255393,True,30ml
셀리맥스,앰플,20260614T072339Z,,mask_or_pack_variant,40,53970,145310 CELIMAX + 노니 마스크 1매 증정 노니 에너지 앰플 30ml2개,노니 앰플,셀리맥스 노니 앰플,danawa,200,https://prod.danawa.com/bridge/go_link_goods.php?cate_c1=9875&cate_c2=228061&cate_c3=228199&cate_c4=0&cmpny_c=EE128&link_prod_c=4779764756&keyword=%EC%85%80%EB%A6%AC%EB%A7%A5%EC%8A%A4+%EB%85%B8%EB%8B%88+%EC%95%B0%ED%94%8C&r=17814218623818&cate=18255393,False,30ml
셀리맥스,앰플,20260614T072339Z,,mask_or_pack_variant,40,51600,145310 CELIMAX + 노니 마스크 1매 증정 노니 에너지 앰플 30ml2개,노니 앰플,셀리맥스 노니 앰플,danawa,200,https://prod.danawa.com/bridge/go_link_goods.php?cate_c1=9875&cate_c2=228061&cate_c3=228199&cate_c4=0&cmpny_c=EE715&link_prod_c=F587836650&keyword=%EC%85%80%EB%A6%AC%EB%A7%A5%EC%8A%A4+%EB%85%B8%EB%8B%88+%EC%95%B0%ED%94%8C&r=17814218629737&cate=18255393,False,30ml
셀리맥스,앰플,20260614T072339Z,,mask_or_pack_variant,40,52780,CELIMAX 145310 CELIMAX [+ 노니 마스크 1매 증정] 노니 에너지 앰플 30ml*2개,노니 앰플,셀리맥스 노니 앰플,danawa,200,https://prod.danawa.com/bridge/go_link_goods.php?cate_c1=9875&cate_c2=228061&cate_c3=228199&cate_c4=0&cmpny_c=EE309&link_prod_c=LO2700656967&keyword=%EC%85%80%EB%A6%AC%EB%A7%A5%EC%8A%A4+%EB%85%B8%EB%8B%88+%EC%95%B0%ED%94%8C&r=17814218622216&cate=18255393,False,30ml
