collected_at,excluded_reason,match_score,match_status,normalized_price_krw,pack_count,parsed_volume_unit,parsed_volume_value,price_krw,product_key,source,title,url,usable_for_baseline
2026-06-15T08:46:26Z,,80,candidate,13840,1,ml,50.0,13840,라운드랩자작나무수분선크림50ml,danawa,라운드 랩 자작 나무 수분 선크림 50ml,https://prod.danawa.com/info/?pcode=11991947&keyword=%EB%9D%BC%EC%9A%B4%EB%93%9C%EB%9E%A9+%EC%9E%90%EC%9E%91%EB%82%98%EB%AC%B4+%EC%84%A0%ED%81%AC%EB%A6%BC&cate=1833257,True
2026-06-15T08:46:26Z,,80,candidate,16770,1,ml,50.0,16770,라운드랩자작나무수분선크림50ml,danawa,라운드 랩 자작 나무 무기자차 선크림 50ml,https://prod.danawa.com/info/?pcode=21564794&keyword=%EB%9D%BC%EC%9A%B4%EB%93%9C%EB%9E%A9+%EC%9E%90%EC%9E%91%EB%82%98%EB%AC%B4+%EC%84%A0%ED%81%AC%EB%A6%BC&cate=1833257,True
2026-06-15T08:46:26Z,,80,candidate,17210,1,ml,50.0,17210,라운드랩자작나무수분선크림50ml,danawa,라운드 랩 자작 나무 수분 톤업 선크림 50ml,https://prod.danawa.com/info/?pcode=21564875&keyword=%EB%9D%BC%EC%9A%B4%EB%93%9C%EB%9E%A9+%EC%9E%90%EC%9E%91%EB%82%98%EB%AC%B4+%EC%84%A0%ED%81%AC%EB%A6%BC&cate=1833257,True
2026-06-15T08:46:26Z,"sunstick_variant,category_term_missing",50,excluded,24930,1,g,19.0,24930,라운드랩자작나무수분선크림50ml,danawa,라운드 랩 자작 나무 수분 선스틱 19g,https://prod.danawa.com/info/?pcode=107304077&keyword=%EB%9D%BC%EC%9A%B4%EB%93%9C%EB%9E%A9+%EC%9E%90%EC%9E%91%EB%82%98%EB%AC%B4+%EC%84%A0%ED%81%AC%EB%A6%BC&cate=18255343,False
2026-06-15T08:46:26Z,,80,candidate,22800,1,ml,50.0,22800,라운드랩자작나무수분선크림50ml,danawa,라운드 랩 자작 나무 수분 톤업 선크림 50ml +50ml,https://prod.danawa.com/bridge/go_link_goods.php?cate_c1=9875&cate_c2=228064&cate_c3=228259&cate_c4=229756&cmpny_c=TH201&link_prod_c=9429351174&keyword=%EB%9D%BC%EC%9A%B4%EB%93%9C%EB%9E%A9+%EC%9E%90%EC%9E%91%EB%82%98%EB%AC%B4+%EC%84%A0%ED%81%AC%EB%A6%BC&r=17815131895902&cate=1833257,True
2026-06-15T08:46:26Z,sunstick_variant,80,excluded,76900,1,ml,50.0,76900,라운드랩자작나무수분선크림50ml,danawa,SSG 뷰티톤업 라운드 랩 자작 나무 수분 선크림 50ml 안티에이징 주름개선 탄력강화선스틱 19g 세트 자외선 차단제,https://prod.danawa.com/bridge/go_link_goods.php?cate_c1=9875&cate_c2=228064&cate_c3=228259&cate_c4=229756&cmpny_c=EE309&link_prod_c=LO2701316816&keyword=%EB%9D%BC%EC%9A%B4%EB%93%9C%EB%9E%A9+%EC%9E%90%EC%9E%91%EB%82%98%EB%AC%B4+%EC%84%A0%ED%81%AC%EB%A6%BC&r=17815131898583&cate=1833257,False
2026-06-15T08:46:26Z,sunstick_variant,80,excluded,49620,2,ml,50.0,99240,라운드랩자작나무수분선크림50ml,danawa,SSG 뷰티톤업 라운드 랩 자작 나무 수분톤업 선크림 50mlx2 안티에이징 주름개선 탄력강화소나무 시카선스틱 10gx2 한국,https://prod.danawa.com/bridge/go_link_goods.php?cate_c1=9875&cate_c2=228064&cate_c3=228259&cate_c4=229756&cmpny_c=EE309&link_prod_c=LO2701316465&keyword=%EB%9D%BC%EC%9A%B4%EB%93%9C%EB%9E%A9+%EC%9E%90%EC%9E%91%EB%82%98%EB%AC%B4+%EC%84%A0%ED%81%AC%EB%A6%BC&r=17815131896555&cate=1833257,False
2026-06-15T08:46:26Z,,80,candidate,36805,2,ml,50.0,73610,라운드랩자작나무수분선크림50ml,danawa,SSG 뷰티톤업 라운드 랩 자작 나무 무기자차 선크림 50ml x 2개,https://prod.danawa.com/bridge/go_link_goods.php?cate_c1=9875&cate_c2=228064&cate_c3=228259&cate_c4=229756&cmpny_c=EE309&link_prod_c=LO2701320351&keyword=%EB%9D%BC%EC%9A%B4%EB%93%9C%EB%9E%A9+%EC%9E%90%EC%9E%91%EB%82%98%EB%AC%B4+%EC%84%A0%ED%81%AC%EB%A6%BC&r=17815131892999&cate=1833257,True
2026-06-15T08:46:26Z,,80,candidate,8400,1,ml,50.0,8400,조선미녀맑은쌀선크림50ml,danawa,조선 미녀 맑은 쌀 선크림 50ml,https://prod.danawa.com/info/?pcode=27548912&keyword=%EC%A1%B0%EC%84%A0%EB%AF%B8%EB%85%80+%EB%A7%91%EC%9D%80%EC%8C%80+%EC%84%A0%ED%81%AC%EB%A6%BC&cate=1833257,True
2026-06-15T08:46:26Z,,80,candidate,13900,1,ml,50.0,13900,조선미녀맑은쌀선크림50ml,danawa,조선 미녀 맑은 쌀 선크림 아쿠아프레쉬 50ml,https://prod.danawa.com/info/?pcode=96705854&keyword=%EC%A1%B0%EC%84%A0%EB%AF%B8%EB%85%80+%EB%A7%91%EC%9D%80%EC%8C%80+%EC%84%A0%ED%81%AC%EB%A6%BC&cate=1833257,True
2026-06-15T08:46:26Z,,80,candidate,49400,1,ml,50.0,49400,조선미녀맑은쌀선크림50ml,danawa,SSG 뷰티톤업 조선 미녀 맑은 쌀 선크림 50ml(SH),https://prod.danawa.com/bridge/go_link_goods.php?cate_c1=9875&cate_c2=228064&cate_c3=228259&cate_c4=229756&cmpny_c=EE309&link_prod_c=LO2701298100&keyword=%EC%A1%B0%EC%84%A0%EB%AF%B8%EB%85%80+%EB%A7%91%EC%9D%80%EC%8C%80+%EC%84%A0%ED%81%AC%EB%A6%BC&r=17815131911744&cate=1833257,True
2026-06-15T08:46:26Z,,80,candidate,40050,1,ml,50.0,40050,조선미녀맑은쌀선크림50ml,danawa,SSG 뷰티톤업 조선 미녀 맑은 쌀 선크림 50ml 1개 SPF50 안티에이징 주름개선 탄력강화 PA,https://prod.danawa.com/bridge/go_link_goods.php?cate_c1=9875&cate_c2=228064&cate_c3=228259&cate_c4=229756&cmpny_c=EE309&link_prod_c=LO2701304502&keyword=%EC%A1%B0%EC%84%A0%EB%AF%B8%EB%85%80+%EB%A7%91%EC%9D%80%EC%8C%80+%EC%84%A0%ED%81%AC%EB%A6%BC&r=17815131917591&cate=1833257,True
2026-06-15T08:46:26Z,,80,candidate,30290,3,ml,50.0,90870,조선미녀맑은쌀선크림50ml,danawa,SSG 뷰티톤업 조선 미녀 맑은 쌀 선크림 아쿠아 프레쉬 50ml 3개,https://prod.danawa.com/bridge/go_link_goods.php?cate_c1=9875&cate_c2=228064&cate_c3=228259&cate_c4=229756&cmpny_c=EE309&link_prod_c=LO2701304661&keyword=%EC%A1%B0%EC%84%A0%EB%AF%B8%EB%85%80+%EB%A7%91%EC%9D%80%EC%8C%80+%EC%84%A0%ED%81%AC%EB%A6%BC&r=17815131915952&cate=1833257,True
2026-06-15T08:46:26Z,,80,candidate,27835,4,ml,50.0,111340,조선미녀맑은쌀선크림50ml,danawa,조선 미녀 뷰티톤업 조선 미녀 영양친구 맑은 쌀 선크림 50ml 4개,https://prod.danawa.com/bridge/go_link_goods.php?cate_c1=9875&cate_c2=228064&cate_c3=228259&cate_c4=229756&cmpny_c=EE309&link_prod_c=LO2701295278&keyword=%EC%A1%B0%EC%84%A0%EB%AF%B8%EB%85%80+%EB%A7%91%EC%9D%80%EC%8C%80+%EC%84%A0%ED%81%AC%EB%A6%BC&r=17815131914591&cate=1833257,True
2026-06-15T08:46:26Z,,80,candidate,10005,2,ml,50.0,20010,조선미녀맑은쌀선크림50ml,danawa,조선 미녀 맑은 쌀 선크림 50ml 기획 (+10ml x 2개),https://prod.danawa.com/bridge/go_link_goods.php?cate_c1=9875&cate_c2=228064&cate_c3=228259&cate_c4=229756&cmpny_c=EE715&link_prod_c=F394135772&keyword=%EC%A1%B0%EC%84%A0%EB%AF%B8%EB%85%80+%EB%A7%91%EC%9D%80%EC%8C%80+%EC%84%A0%ED%81%AC%EB%A6%BC&r=17815131918538&cate=1833257,True
2026-06-15T08:46:26Z,mask_or_pack_variant,80,excluded,10350,2,ml,50.0,20700,조선미녀맑은쌀선크림50ml,danawa,크리클팩토리 조선 미녀 조선 미녀 맑은 쌀 선크림 50ml 기획 (+10ml x 2개),https://prod.danawa.com/bridge/go_link_goods.php?cate_c1=9875&cate_c2=228064&cate_c3=228259&cate_c4=229756&cmpny_c=EE128&link_prod_c=4588413412&keyword=%EC%A1%B0%EC%84%A0%EB%AF%B8%EB%85%80+%EB%A7%91%EC%9D%80%EC%8C%80+%EC%84%A0%ED%81%AC%EB%A6%BC&r=17815131911924&cate=1833257,False
2026-06-15T08:46:26Z,,90,candidate,11070,1,ml,50.0,11070,닥터지그린마일드업선플러스50ml,danawa,닥터지 그린 마일드 업 선 플러스 50ml,https://prod.danawa.com/info/?pcode=11187765&keyword=%EB%8B%A5%ED%84%B0%EC%A7%80+%EA%B7%B8%EB%A6%B0+%EB%A7%88%EC%9D%BC%EB%93%9C+%EC%97%85+%EC%84%A0+%ED%94%8C%EB%9F%AC%EC%8A%A4&cate=1833257,True
2026-06-15T08:46:26Z,,90,candidate,11700,2,ml,50.0,23400,닥터지그린마일드업선플러스50ml,danawa,닥터지 그린 마일드 업 선 플러스 50ml 2개+10ml 3개,https://prod.danawa.com/info/?pcode=116413744&keyword=%EB%8B%A5%ED%84%B0%EC%A7%80+%EA%B7%B8%EB%A6%B0+%EB%A7%88%EC%9D%BC%EB%93%9C+%EC%97%85+%EC%84%A0+%ED%94%8C%EB%9F%AC%EC%8A%A4&cate=1833257,True
2026-06-15T08:46:26Z,volume_mismatch,70,excluded,9720,1,ml,35.0,9720,닥터지그린마일드업선플러스50ml,danawa,닥터지 그린 마일드 업 선 플러스 35ml,https://prod.danawa.com/info/?pcode=13822634&keyword=%EB%8B%A5%ED%84%B0%EC%A7%80+%EA%B7%B8%EB%A6%B0+%EB%A7%88%EC%9D%BC%EB%93%9C+%EC%97%85+%EC%84%A0+%ED%94%8C%EB%9F%AC%EC%8A%A4&cate=1833257,False
2026-06-15T08:46:26Z,,90,candidate,16070,2,ml,50.0,32140,닥터지그린마일드업선플러스50ml,danawa,닥터지 그린 마일드 업 선 플러스 50ml 2개+10ml 2개,https://prod.danawa.com/info/?pcode=79702583&keyword=%EB%8B%A5%ED%84%B0%EC%A7%80+%EA%B7%B8%EB%A6%B0+%EB%A7%88%EC%9D%BC%EB%93%9C+%EC%97%85+%EC%84%A0+%ED%94%8C%EB%9F%AC%EC%8A%A4&cate=1833257,True
2026-06-15T08:46:26Z,,90,candidate,15960,2,ml,50.0,31920,닥터지그린마일드업선플러스50ml,danawa,닥터지 그린 마일드 업 선 플러스 무기자차 50ml x2개 (SPF50+ PA++++),https://prod.danawa.com/bridge/go_link_goods.php?cate_c1=9875&cate_c2=228064&cate_c3=228259&cate_c4=229756&cmpny_c=TH201&link_prod_c=9288469503&keyword=%EB%8B%A5%ED%84%B0%EC%A7%80+%EA%B7%B8%EB%A6%B0+%EB%A7%88%EC%9D%BC%EB%93%9C+%EC%97%85+%EC%84%A0+%ED%94%8C%EB%9F%AC%EC%8A%A4&r=17815131922291&cate=1833257,True
2026-06-15T08:46:26Z,,90,candidate,15570,2,ml,50.0,31140,닥터지그린마일드업선플러스50ml,danawa,닥터지 그린 마일드 업 선 플러스 무기자차 선크림 50ml 2개,https://prod.danawa.com/bridge/go_link_goods.php?cate_c1=9875&cate_c2=228064&cate_c3=228259&cate_c4=229756&cmpny_c=TH201&link_prod_c=9140197373&keyword=%EB%8B%A5%ED%84%B0%EC%A7%80+%EA%B7%B8%EB%A6%B0+%EB%A7%88%EC%9D%BC%EB%93%9C+%EC%97%85+%EC%84%A0+%ED%94%8C%EB%9F%AC%EC%8A%A4&r=17815131925488&cate=1833257,True
2026-06-15T08:46:26Z,volume_mismatch,70,excluded,14230,1,ml,35.0,14230,닥터지그린마일드업선플러스50ml,danawa,[셀러허브] 닥터지 그린 마일드 업 선 플러스 35ml (S33147067),https://prod.danawa.com/bridge/go_link_goods.php?cate_c1=9875&cate_c2=228064&cate_c3=228259&cate_c4=229756&cmpny_c=TH201&link_prod_c=9185077245&keyword=%EB%8B%A5%ED%84%B0%EC%A7%80+%EA%B7%B8%EB%A6%B0+%EB%A7%88%EC%9D%BC%EB%93%9C+%EC%97%85+%EC%84%A0+%ED%94%8C%EB%9F%AC%EC%8A%A4&r=17815131926672&cate=1833257,False
2026-06-15T08:46:26Z,,90,candidate,26828,4,ml,50.0,107310,닥터지그린마일드업선플러스50ml,danawa,닥터지 그린 마일드 업 선 플러스 50ml 4개,https://prod.danawa.com/bridge/go_link_goods.php?cate_c1=9875&cate_c2=228064&cate_c3=228259&cate_c4=229756&cmpny_c=TH201&link_prod_c=8615157324&keyword=%EB%8B%A5%ED%84%B0%EC%A7%80+%EA%B7%B8%EB%A6%B0+%EB%A7%88%EC%9D%BC%EB%93%9C+%EC%97%85+%EC%84%A0+%ED%94%8C%EB%9F%AC%EC%8A%A4&r=17815131922920&cate=1833257,True
2026-06-15T08:46:26Z,,80,candidate,15280,1,ml,50.0,15280,아비브어성초선에센스50ml,danawa,아비브 어성초 선 에센스 카밍 드롭 50ml,https://prod.danawa.com/info/?pcode=117606866&keyword=%EC%95%84%EB%B9%84%EB%B8%8C+%EC%96%B4%EC%84%B1%EC%B4%88+%EC%84%A0+%EC%97%90%EC%84%BC%EC%8A%A4&cate=1833257,True
2026-06-15T08:46:26Z,,70,candidate,17010,1,ml,50.0,17010,아비브어성초선에센스50ml,danawa,아비브 하트리프 선 에센스 카밍 드롭 50ml,https://prod.danawa.com/info/?pcode=119589363&keyword=%EC%95%84%EB%B9%84%EB%B8%8C+%EC%96%B4%EC%84%B1%EC%B4%88+%EC%84%A0+%EC%97%90%EC%84%BC%EC%8A%A4&cate=18313894,True
2026-06-15T08:46:26Z,category_term_missing,80,excluded,37600,1,ml,50.0,37600,아비브어성초선에센스50ml,danawa,코스맥스 아비브 어성초 선 썬 크림 에센스 세럼 추천 50ml,https://prod.danawa.com/bridge/go_link_goods.php?cate_c1=9875&cate_c2=228061&cate_c3=228199&cate_c4=0&cmpny_c=EE309&link_prod_c=LO2510292713&keyword=%EC%95%84%EB%B9%84%EB%B8%8C+%EC%96%B4%EC%84%B1%EC%B4%88+%EC%84%A0+%EC%97%90%EC%84%BC%EC%8A%A4&r=17815131938225&cate=18255393,False
2026-06-15T08:46:26Z,category_term_missing,80,excluded,45470,1,ml,50.0,45470,아비브어성초선에센스50ml,danawa,아비브 어성초 선 썬 크림 에센스 세럼 추천 50ml,https://prod.danawa.com/bridge/go_link_goods.php?cate_c1=9875&cate_c2=228064&cate_c3=228259&cate_c4=229756&cmpny_c=EE309&link_prod_c=LO2516227388&keyword=%EC%95%84%EB%B9%84%EB%B8%8C+%EC%96%B4%EC%84%B1%EC%B4%88+%EC%84%A0+%EC%97%90%EC%84%BC%EC%8A%A4&r=17815131932855&cate=1833257,False
2026-06-15T08:46:26Z,,80,candidate,22500,1,ml,50.0,22500,아비브어성초선에센스50ml,danawa,아비브 어성초 선 에센스 카밍 드롭 50ml SPF 50+ PA++++ 피부 자극 진정,https://prod.danawa.com/bridge/go_link_goods.php?cate_c1=9875&cate_c2=228064&cate_c3=228259&cate_c4=229756&cmpny_c=EE715&link_prod_c=F506243898&keyword=%EC%95%84%EB%B9%84%EB%B8%8C+%EC%96%B4%EC%84%B1%EC%B4%88+%EC%84%A0+%EC%97%90%EC%84%BC%EC%8A%A4&r=17815131936888&cate=1833257,True
2026-06-15T08:46:26Z,category_term_missing,80,excluded,40220,1,ml,50.0,40220,아비브어성초선에센스50ml,danawa,아비브 어성초 선 썬 크림 에센스 세럼 추천 50ml,https://prod.danawa.com/bridge/go_link_goods.php?cate_c1=9875&cate_c2=228061&cate_c3=228199&cate_c4=0&cmpny_c=EE715&link_prod_c=F263258974&keyword=%EC%95%84%EB%B9%84%EB%B8%8C+%EC%96%B4%EC%84%B1%EC%B4%88+%EC%84%A0+%EC%97%90%EC%84%BC%EC%8A%A4&r=17815131934733&cate=18255393,False
2026-06-15T08:46:26Z,category_term_missing,80,excluded,40230,1,ml,50.0,40230,아비브어성초선에센스50ml,danawa,아비브 어성초 선 썬 크림 에센스 세럼 추천 50ml,https://prod.danawa.com/bridge/go_link_goods.php?cate_c1=9875&cate_c2=228061&cate_c3=228199&cate_c4=0&cmpny_c=EE128&link_prod_c=4460735725&keyword=%EC%95%84%EB%B9%84%EB%B8%8C+%EC%96%B4%EC%84%B1%EC%B4%88+%EC%84%A0+%EC%97%90%EC%84%BC%EC%8A%A4&r=17815131938007&cate=18255393,False
2026-06-15T08:46:26Z,,80,candidate,22500,1,ml,50.0,22500,아비브어성초선에센스50ml,danawa,아비브 어성초 선 에센스 카밍 드롭 50ml SPF 50+ PA++++ 피부 자극 진정,https://prod.danawa.com/bridge/go_link_goods.php?cate_c1=9875&cate_c2=228064&cate_c3=228259&cate_c4=229756&cmpny_c=EE128&link_prod_c=4700193383&keyword=%EC%95%84%EB%B9%84%EB%B8%8C+%EC%96%B4%EC%84%B1%EC%B4%88+%EC%84%A0+%EC%97%90%EC%84%BC%EC%8A%A4&r=17815131936701&cate=1833257,True
2026-06-15T08:46:26Z,volume_mismatch,50,excluded,30400,1,ml,30.0,30400,라로슈포제안뗄리오스선크림50ml,danawa,라로슈 포제 유비데아 안뗄리오스 멜트인 크림 30ml,https://prod.danawa.com/info/?pcode=43888979&keyword=%EB%9D%BC%EB%A1%9C%EC%8A%88%ED%8F%AC%EC%A0%9C+%EC%95%88%EB%97%84%EB%A6%AC%EC%98%A4%EC%8A%A4+%EC%84%A0%ED%81%AC%EB%A6%BC&cate=1833257,False
2026-06-15T08:46:26Z,,70,candidate,21470,1,ml,50.0,21470,라로슈포제안뗄리오스선크림50ml,danawa,라로슈 포제 안뗄리오스 울트라 라이트 선플루이드 50ml,https://prod.danawa.com/info/?pcode=11332185&keyword=%EB%9D%BC%EB%A1%9C%EC%8A%88%ED%8F%AC%EC%A0%9C+%EC%95%88%EB%97%84%EB%A6%AC%EC%98%A4%EC%8A%A4+%EC%84%A0%ED%81%AC%EB%A6%BC&cate=1833257,True
2026-06-15T08:46:26Z,volume_mismatch,60,excluded,29490,1,ml,30.0,29490,라로슈포제안뗄리오스선크림50ml,danawa,라로슈 포제 유비데아 안뗄리오스 톤업 라이트 선크림 30ml,https://prod.danawa.com/info/?pcode=32899139&keyword=%EB%9D%BC%EB%A1%9C%EC%8A%88%ED%8F%AC%EC%A0%9C+%EC%95%88%EB%97%84%EB%A6%AC%EC%98%A4%EC%8A%A4+%EC%84%A0%ED%81%AC%EB%A6%BC&cate=1833257,False
2026-06-15T08:46:26Z,,80,candidate,20510,1,ml,50.0,20510,라로슈포제안뗄리오스선크림50ml,danawa,라로슈 포제 안뗄리오스 울트라 선크림 50ml,https://prod.danawa.com/info/?pcode=116119555&keyword=%EB%9D%BC%EB%A1%9C%EC%8A%88%ED%8F%AC%EC%A0%9C+%EC%95%88%EB%97%84%EB%A6%AC%EC%98%A4%EC%8A%A4+%EC%84%A0%ED%81%AC%EB%A6%BC&cate=1833257,True
2026-06-15T08:46:26Z,volume_mismatch,60,excluded,29500,1,ml,30.0,29500,라로슈포제안뗄리오스선크림50ml,danawa,라로슈 포제 유비데아 안뗄리오스 톤업 로지 선크림 30ml,https://prod.danawa.com/info/?pcode=93047861&keyword=%EB%9D%BC%EB%A1%9C%EC%8A%88%ED%8F%AC%EC%A0%9C+%EC%95%88%EB%97%84%EB%A6%AC%EC%98%A4%EC%8A%A4+%EC%84%A0%ED%81%AC%EB%A6%BC&cate=1833257,False
2026-06-15T08:46:26Z,,70,candidate,22650,1,ml,50.0,22650,라로슈포제안뗄리오스선크림50ml,danawa,라로슈 포제 안뗄리오스 오일컨트롤 썬 젤-크림 SPF50+ 50ml,https://prod.danawa.com/info/?pcode=79702820&keyword=%EB%9D%BC%EB%A1%9C%EC%8A%88%ED%8F%AC%EC%A0%9C+%EC%95%88%EB%97%84%EB%A6%AC%EC%98%A4%EC%8A%A4+%EC%84%A0%ED%81%AC%EB%A6%BC&cate=1833257,True
2026-06-15T08:46:26Z,,80,candidate,59500,1,ml,50.0,59500,라로슈포제안뗄리오스선크림50ml,danawa,라로슈 포제 안뗄리오스 무향 울트라 선크림 50ml,https://prod.danawa.com/info/?pcode=116304337&keyword=%EB%9D%BC%EB%A1%9C%EC%8A%88%ED%8F%AC%EC%A0%9C+%EC%95%88%EB%97%84%EB%A6%AC%EC%98%A4%EC%8A%A4+%EC%84%A0%ED%81%AC%EB%A6%BC&cate=1833257,True
2026-06-15T08:46:26Z,volume_mismatch,50,excluded,44810,1,ml,30.0,44810,라로슈포제안뗄리오스선크림50ml,danawa,라로슈 포제 안뗄리오스 톤업 클리어 30ml,https://prod.danawa.com/info/?pcode=43889051&keyword=%EB%9D%BC%EB%A1%9C%EC%8A%88%ED%8F%AC%EC%A0%9C+%EC%95%88%EB%97%84%EB%A6%AC%EC%98%A4%EC%8A%A4+%EC%84%A0%ED%81%AC%EB%A6%BC&cate=1833257,False
2026-06-15T08:46:26Z,,90,candidate,12400,1,ml,250.0,12400,아누아어성초77수딩토너250ml,danawa,아누아 어성초 77 % 진정 토너 250ml,https://prod.danawa.com/info/?pcode=71589449&keyword=%EC%95%84%EB%88%84%EC%95%84+%EC%96%B4%EC%84%B1%EC%B4%88+77+%ED%86%A0%EB%84%88&cate=18255391,True
2026-06-15T08:46:26Z,volume_mismatch,70,excluded,42900,1,ml,500.0,42900,아누아어성초77수딩토너250ml,danawa,아누아 어성초 77 % 진정 토너 500ml,https://prod.danawa.com/info/?pcode=12664208&keyword=%EC%95%84%EB%88%84%EC%95%84+%EC%96%B4%EC%84%B1%EC%B4%88+77+%ED%86%A0%EB%84%88&cate=18255391,False
2026-06-15T08:46:26Z,volume_mismatch,70,excluded,30450,1,ml,350.0,30450,아누아어성초77수딩토너250ml,danawa,아누아 어성초 77 수딩 토너 350ml,https://prod.danawa.com/info/?pcode=14507213&keyword=%EC%95%84%EB%88%84%EC%95%84+%EC%96%B4%EC%84%B1%EC%B4%88+77+%ED%86%A0%EB%84%88&cate=18255391,False
2026-06-15T08:46:26Z,volume_mismatch,70,excluded,16200,1,ml,350.0,16200,아누아어성초77수딩토너250ml,danawa,아누아 어성초 77 % 수딩 토너 (구) 350ml,https://prod.danawa.com/info/?pcode=97743473&keyword=%EC%95%84%EB%88%84%EC%95%84+%EC%96%B4%EC%84%B1%EC%B4%88+77+%ED%86%A0%EB%84%88&cate=18255391,False
2026-06-15T08:46:26Z,volume_mismatch,70,excluded,30450,1,ml,350.0,30450,아누아어성초77수딩토너250ml,danawa,아누아 어성초 77 % 수딩 토너 350ml 기획,https://prod.danawa.com/info/?pcode=122026437&keyword=%EC%95%84%EB%88%84%EC%95%84+%EC%96%B4%EC%84%B1%EC%B4%88+77+%ED%86%A0%EB%84%88&cate=18255391,False
2026-06-15T08:46:26Z,"volume_mismatch,mask_or_pack_variant",70,excluded,19800,1,ml,350.0,19800,아누아어성초77수딩토너250ml,danawa,아누아 어성초 77 % 수딩 토너 350ml 리필팩,https://prod.danawa.com/info/?pcode=74985383&keyword=%EC%95%84%EB%88%84%EC%95%84+%EC%96%B4%EC%84%B1%EC%B4%88+77+%ED%86%A0%EB%84%88&cate=18255391,False
2026-06-15T08:46:26Z,,90,candidate,13180,1,ml,250.0,13180,아누아어성초77수딩토너250ml,danawa,더파운더즈 아누아 아누아 어성초 77 진정 토너 250ml 1+1 (eTV),https://prod.danawa.com/bridge/go_link_goods.php?cate_c1=9875&cate_c2=228061&cate_c3=228193&cate_c4=0&cmpny_c=EE128&link_prod_c=3285633535&keyword=%EC%95%84%EB%88%84%EC%95%84+%EC%96%B4%EC%84%B1%EC%B4%88+77+%ED%86%A0%EB%84%88&r=17815131954268&cate=18255391,True
2026-06-15T08:46:26Z,,90,candidate,33300,1,ml,250.0,33300,아누아어성초77수딩토너250ml,danawa,아누아 뷰티톤업 (NS홈쇼핑)미백 주름 개선 어성초 77 진정 토너 250ml 1 안티에이징 주름개선 탄력강화1 (eTV)33674479,https://prod.danawa.com/bridge/go_link_goods.php?cate_c1=9875&cate_c2=228061&cate_c3=228193&cate_c4=0&cmpny_c=EE309&link_prod_c=LO2701209277&keyword=%EC%95%84%EB%88%84%EC%95%84+%EC%96%B4%EC%84%B1%EC%B4%88+77+%ED%86%A0%EB%84%88&r=17815131953112&cate=18255391,True
2026-06-15T08:46:26Z,volume_mismatch,60,excluded,15120,1,ml,500.0,15120,라운드랩1025독도토너200ml,danawa,라운드 랩 1025 독도 토너 500ml,https://prod.danawa.com/info/?pcode=5568067&keyword=%EB%9D%BC%EC%9A%B4%EB%93%9C%EB%9E%A9+%EB%8F%85%EB%8F%84+%ED%86%A0%EB%84%88&cate=18255391,False
2026-06-15T08:46:26Z,,80,candidate,21410,1,ml,200.0,21410,라운드랩1025독도토너200ml,danawa,라운드 랩 독도 토너 200ml + 로션 200ml,https://prod.danawa.com/info/?pcode=30625664&keyword=%EB%9D%BC%EC%9A%B4%EB%93%9C%EB%9E%A9+%EB%8F%85%EB%8F%84+%ED%86%A0%EB%84%88&cate=18255390,True
2026-06-15T08:46:26Z,volume_mismatch,60,excluded,35330,1,ml,500.0,35330,라운드랩1025독도토너200ml,danawa,라운드 랩 1025 독도 토너 500ml+100ml,https://prod.danawa.com/info/?pcode=111742991&keyword=%EB%9D%BC%EC%9A%B4%EB%93%9C%EB%9E%A9+%EB%8F%85%EB%8F%84+%ED%86%A0%EB%84%88&cate=18255391,False
2026-06-15T08:46:26Z,,80,candidate,9740,1,ml,200.0,9740,라운드랩1025독도토너200ml,danawa,라운드 랩 1025 독도 토너 200ml,https://prod.danawa.com/info/?pcode=4926856&keyword=%EB%9D%BC%EC%9A%B4%EB%93%9C%EB%9E%A9+%EB%8F%85%EB%8F%84+%ED%86%A0%EB%84%88&cate=18255391,True
2026-06-15T08:46:26Z,,80,candidate,21520,1,ml,200.0,21520,라운드랩1025독도토너200ml,danawa,라운드 랩 1025 독도 토너 200ml + 로션 200ml,https://prod.danawa.com/info/?pcode=5802548&keyword=%EB%9D%BC%EC%9A%B4%EB%93%9C%EB%9E%A9+%EB%8F%85%EB%8F%84+%ED%86%A0%EB%84%88&cate=18255390,True
2026-06-15T08:46:26Z,volume_mismatch,60,excluded,32270,1,ml,500.0,32270,라운드랩1025독도토너200ml,danawa,라운드 랩 1025 독도 토너 500ml(+ 독도 로션100ml),https://prod.danawa.com/info/?pcode=45425615&keyword=%EB%9D%BC%EC%9A%B4%EB%93%9C%EB%9E%A9+%EB%8F%85%EB%8F%84+%ED%86%A0%EB%84%88&cate=18255390,False
2026-06-15T08:46:26Z,volume_mismatch,60,excluded,37890,1,ml,500.0,37890,라운드랩1025독도토너200ml,danawa,라운드 랩 1025 독도 토너 500ml + 로션 400ml,https://prod.danawa.com/info/?pcode=49637408&keyword=%EB%9D%BC%EC%9A%B4%EB%93%9C%EB%9E%A9+%EB%8F%85%EB%8F%84+%ED%86%A0%EB%84%88&cate=18255390,False
2026-06-15T08:46:26Z,,80,candidate,15730,1,ml,200.0,15730,라운드랩1025독도토너200ml,danawa,라운드 랩 1025 독도 토너 200ml + 50ml,https://prod.danawa.com/info/?pcode=112842327&keyword=%EB%9D%BC%EC%9A%B4%EB%93%9C%EB%9E%A9+%EB%8F%85%EB%8F%84+%ED%86%A0%EB%84%88&cate=18255391,True
2026-06-15T08:46:26Z,,80,candidate,13650,1,ml,50.0,13650,토리든다이브인세럼50ml,danawa,토리든 NEW 다이브 인 저분자 히알루론산 세럼 50ml,https://prod.danawa.com/info/?pcode=28055750&keyword=%ED%86%A0%EB%A6%AC%EB%93%A0+%EB%8B%A4%EC%9D%B4%EB%B8%8C%EC%9D%B8+%EC%84%B8%EB%9F%BC&cate=18255393,True
2026-06-15T08:46:26Z,,80,candidate,12910,1,ml,50.0,12910,토리든다이브인세럼50ml,danawa,토리든 다이브 인 저분자 히알루론산 세럼 50ml,https://prod.danawa.com/info/?pcode=111633540&keyword=%ED%86%A0%EB%A6%AC%EB%93%A0+%EB%8B%A4%EC%9D%B4%EB%B8%8C%EC%9D%B8+%EC%84%B8%EB%9F%BC&cate=18255393,True
2026-06-15T08:46:26Z,volume_mismatch,60,excluded,26820,1,ml,100.0,26820,토리든다이브인세럼50ml,danawa,토리든 다이브 인 저분자 히알루론산 세럼 100ml,https://prod.danawa.com/info/?pcode=12440450&keyword=%ED%86%A0%EB%A6%AC%EB%93%A0+%EB%8B%A4%EC%9D%B4%EB%B8%8C%EC%9D%B8+%EC%84%B8%EB%9F%BC&cate=18255393,False
2026-06-15T08:46:26Z,volume_mismatch,60,excluded,14175,2,ml,100.0,28350,토리든다이브인세럼50ml,danawa,토리든 다이브 인 저분자 히알루론산 세럼 100mlx1개+20mlx2개,https://prod.danawa.com/info/?pcode=71940029&keyword=%ED%86%A0%EB%A6%AC%EB%93%A0+%EB%8B%A4%EC%9D%B4%EB%B8%8C%EC%9D%B8+%EC%84%B8%EB%9F%BC&cate=18255393,False
2026-06-15T08:46:26Z,volume_mismatch,60,excluded,13650,1,ml,40.0,13650,토리든다이브인세럼50ml,danawa,토리든 다이브 인 저분자 히알루론산 세럼 40ml,https://prod.danawa.com/info/?pcode=30649103&keyword=%ED%86%A0%EB%A6%AC%EB%93%A0+%EB%8B%A4%EC%9D%B4%EB%B8%8C%EC%9D%B8+%EC%84%B8%EB%9F%BC&cate=18255393,False
2026-06-15T08:46:26Z,,80,candidate,28468,1,ml,50.0,28468,토리든다이브인세럼50ml,danawa,토리든 다이브 인 저분자 히알루론산 세럼 50ml + 크림 80ml,https://prod.danawa.com/info/?pcode=62598371&keyword=%ED%86%A0%EB%A6%AC%EB%93%A0+%EB%8B%A4%EC%9D%B4%EB%B8%8C%EC%9D%B8+%EC%84%B8%EB%9F%BC&cate=18255390,True
2026-06-15T08:46:26Z,,80,candidate,30450,1,ml,50.0,30450,토리든다이브인세럼50ml,danawa,토리든 다이브 인 저분자 히알루론산 세럼 50ml + 크림 100ml,https://prod.danawa.com/info/?pcode=62598377&keyword=%ED%86%A0%EB%A6%AC%EB%93%A0+%EB%8B%A4%EC%9D%B4%EB%B8%8C%EC%9D%B8+%EC%84%B8%EB%9F%BC&cate=18255390,True
2026-06-15T08:46:26Z,mask_or_pack_variant,80,excluded,47320,1,ml,50.0,47320,토리든다이브인세럼50ml,danawa,토리든 다이브 인 저분자 히알루론산 세럼 50ml + 마스크 10매,https://prod.danawa.com/info/?pcode=62711903&keyword=%ED%86%A0%EB%A6%AC%EB%93%A0+%EB%8B%A4%EC%9D%B4%EB%B8%8C%EC%9D%B8+%EC%84%B8%EB%9F%BC&cate=18255390,False
2026-06-15T08:46:26Z,,80,candidate,13300,1,ml,100.0,13300,스킨1004마다가스카르센텔라앰플100ml,danawa,스킨 1004 마다가스카르 센텔라 앰플 100ml,https://prod.danawa.com/info/?pcode=9484215&keyword=%EC%8A%A4%ED%82%A81004+%EC%84%BC%ED%85%94%EB%9D%BC+%EC%95%B0%ED%94%8C&cate=18255393,True
2026-06-15T08:46:26Z,volume_mismatch,60,excluded,9460,1,ml,125.0,9460,스킨1004마다가스카르센텔라앰플100ml,danawa,스킨 1004 마다가스카르 센텔라 앰플 폼 125ml,https://prod.danawa.com/info/?pcode=117523524&keyword=%EC%8A%A4%ED%82%A81004+%EC%84%BC%ED%85%94%EB%9D%BC+%EC%95%B0%ED%94%8C&cate=18322864,False
2026-06-15T08:46:26Z,volume_mismatch,60,excluded,8950,1,ml,55.0,8950,스킨1004마다가스카르센텔라앰플100ml,danawa,스킨 1004 마다가스카르 센텔라 앰플 55ml,https://prod.danawa.com/info/?pcode=122278187&keyword=%EC%8A%A4%ED%82%A81004+%EC%84%BC%ED%85%94%EB%9D%BC+%EC%95%B0%ED%94%8C&cate=18255393,False
2026-06-15T08:46:26Z,volume_mismatch,60,excluded,15280,1,ml,50.0,15280,스킨1004마다가스카르센텔라앰플100ml,danawa,스킨 1004 마다가스카르 센텔라 프로바이오시카 글로우 선 앰플 50ml,https://prod.danawa.com/info/?pcode=66051815&keyword=%EC%8A%A4%ED%82%A81004+%EC%84%BC%ED%85%94%EB%9D%BC+%EC%95%B0%ED%94%8C&cate=1833257,False
2026-06-15T08:46:26Z,,80,candidate,12420,1,ml,100.0,12420,스킨1004마다가스카르센텔라앰플100ml,danawa,스킨 1004 마다가스카르 센텔라 톤 브라이트닝 캡슐 앰플 100ml,https://prod.danawa.com/info/?pcode=118749221&keyword=%EC%8A%A4%ED%82%A81004+%EC%84%BC%ED%85%94%EB%9D%BC+%EC%95%B0%ED%94%8C&cate=18255393,True
2026-06-15T08:46:26Z,volume_mismatch,60,excluded,16700,1,ml,50.0,16700,스킨1004마다가스카르센텔라앰플100ml,danawa,스킨 1004 마다가스카르 센텔라 프로바이오시카 인텐시브 앰플 50ml,https://prod.danawa.com/info/?pcode=120023388&keyword=%EC%8A%A4%ED%82%A81004+%EC%84%BC%ED%85%94%EB%9D%BC+%EC%95%B0%ED%94%8C&cate=18255393,False
2026-06-15T08:46:26Z,,80,candidate,13380,1,ml,100.0,13380,스킨1004마다가스카르센텔라앰플100ml,danawa,스킨 1004 센텔라 포어마이징 프레쉬 앰플 100ml,https://prod.danawa.com/info/?pcode=43597637&keyword=%EC%8A%A4%ED%82%A81004+%EC%84%BC%ED%85%94%EB%9D%BC+%EC%95%B0%ED%94%8C&cate=18255393,True
2026-06-15T08:46:26Z,,80,candidate,13050,1,ml,100.0,13050,스킨1004마다가스카르센텔라앰플100ml,danawa,스킨 1004 마다가스카르 센텔라 포어마이징 프레쉬 앰플 100ml,https://prod.danawa.com/info/?pcode=109745921&keyword=%EC%8A%A4%ED%82%A81004+%EC%84%BC%ED%85%94%EB%9D%BC+%EC%95%B0%ED%94%8C&cate=18255393,True
2026-06-15T08:46:26Z,,80,candidate,13710,1,ml,50.0,13710,넘버즈인3번보들보들결세럼50ml,danawa,넘버즈인 3번 보들보들 결 세럼 50ml,https://prod.danawa.com/info/?pcode=16003808&keyword=%EB%84%98%EB%B2%84%EC%A6%88%EC%9D%B8+3%EB%B2%88+%EC%84%B8%EB%9F%BC&cate=18255393,True
2026-06-15T08:46:26Z,,80,candidate,28850,1,ml,50.0,28850,넘버즈인3번보들보들결세럼50ml,danawa,넘버즈인 3번 보들보들 결 세럼 50ml,https://prod.danawa.com/info/?pcode=116096063&keyword=%EB%84%98%EB%B2%84%EC%A6%88%EC%9D%B8+3%EB%B2%88+%EC%84%B8%EB%9F%BC&cate=18255393,True
2026-06-15T08:46:26Z,mask_or_pack_variant,60,excluded,1470,1,,,1470,넘버즈인3번보들보들결세럼50ml,danawa,넘버즈인 3번 참은만큼 보들보들 결 세럼 팩,https://prod.danawa.com/info/?pcode=30358436&keyword=%EB%84%98%EB%B2%84%EC%A6%88%EC%9D%B8+3%EB%B2%88+%EC%84%B8%EB%9F%BC&cate=1833746,False
2026-06-15T08:46:26Z,,80,candidate,31230,1,ml,50.0,31230,넘버즈인3번보들보들결세럼50ml,danawa,넘버즈인 3번 보들보들 결 세럼 50ml + 리필 50ml,https://prod.danawa.com/info/?pcode=100236317&keyword=%EB%84%98%EB%B2%84%EC%A6%88%EC%9D%B8+3%EB%B2%88+%EC%84%B8%EB%9F%BC&cate=18255393,True
2026-06-15T08:46:26Z,volume_mismatch,60,excluded,73260,1,ml,80.0,73260,넘버즈인3번보들보들결세럼50ml,danawa,넘버즈인 3번 보들보들 결 세럼 80ml,https://prod.danawa.com/info/?pcode=118498340&keyword=%EB%84%98%EB%B2%84%EC%A6%88%EC%9D%B8+3%EB%B2%88+%EC%84%B8%EB%9F%BC&cate=18255393,False
2026-06-15T08:46:26Z,mask_or_pack_variant,60,excluded,2000,5,,,10000,넘버즈인3번보들보들결세럼50ml,danawa,넘버즈인 3번 참은만큼 보들보들 결 세럼 팩 1개 5개입,https://prod.danawa.com/bridge/go_link_goods.php?cate_c1=9875&cate_c2=228061&cate_c3=228214&cate_c4=229609&cmpny_c=TP40F&link_prod_c=I28671667070&keyword=%EB%84%98%EB%B2%84%EC%A6%88%EC%9D%B8+3%EB%B2%88+%EC%84%B8%EB%9F%BC&r=17815132009115&cate=1833746,False
2026-06-15T08:46:26Z,,80,candidate,40230,1,ml,50.0,40230,넘버즈인3번보들보들결세럼50ml,danawa,넘버즈인 뷰티톤업 넘버즈인 3번 보들보들 결 세럼 50ml 1개_MZ,https://prod.danawa.com/bridge/go_link_goods.php?cate_c1=9875&cate_c2=228061&cate_c3=228199&cate_c4=0&cmpny_c=EE309&link_prod_c=LO2701186242&keyword=%EB%84%98%EB%B2%84%EC%A6%88%EC%9D%B8+3%EB%B2%88+%EC%84%B8%EB%9F%BC&r=17815132004135&cate=18255393,True
2026-06-15T08:46:26Z,volume_mismatch,60,excluded,26505,2,ml,30.0,53010,넘버즈인3번보들보들결세럼50ml,danawa,Gmarket 뷰티톤업 넘버즈인 3번 보들보들 모공결 세럼 30ml 2개,https://prod.danawa.com/bridge/go_link_goods.php?cate_c1=9875&cate_c2=228061&cate_c3=228199&cate_c4=0&cmpny_c=EE309&link_prod_c=LO2701191900&keyword=%EB%84%98%EB%B2%84%EC%A6%88%EC%9D%B8+3%EB%B2%88+%EC%84%B8%EB%9F%BC&r=17815132008874&cate=18255393,False
2026-06-15T08:46:26Z,,90,candidate,14490,1,ml,100.0,14490,코스알엑스어드밴스드스네일96뮤신에센스100ml,danawa,코스알엑스 어드벤스드 스네일 96 뮤신 파워 에센스 100ml,https://prod.danawa.com/info/?pcode=3929170&keyword=%EC%BD%94%EC%8A%A4%EC%95%8C%EC%97%91%EC%8A%A4+%EC%8A%A4%EB%84%A4%EC%9D%BC+96+%EC%97%90%EC%84%BC%EC%8A%A4&cate=18255393,True
2026-06-15T08:46:26Z,,70,candidate,12150,1,,,12150,코스알엑스어드밴스드스네일96뮤신에센스100ml,danawa,코스알엑스 코스알엑스 코스알엑스 어드벤스드 스네일 96 뮤신파워 에센스,https://prod.danawa.com/bridge/go_link_goods.php?cate_c1=9875&cate_c2=228061&cate_c3=228199&cate_c4=0&cmpny_c=EE128&link_prod_c=4702776472&keyword=%EC%BD%94%EC%8A%A4%EC%95%8C%EC%97%91%EC%8A%A4+%EC%8A%A4%EB%84%A4%EC%9D%BC+96+%EC%97%90%EC%84%BC%EC%8A%A4&r=17815132018246&cate=18255393,True
2026-06-15T08:46:26Z,,90,candidate,30330,1,ml,100.0,30330,코스알엑스어드밴스드스네일96뮤신에센스100ml,danawa,UnKnown [보습광채] 코스알엑스 어드벤스드 스네일 96 뮤신 파워 에센스 100ml,https://prod.danawa.com/bridge/go_link_goods.php?cate_c1=9875&cate_c2=228061&cate_c3=228199&cate_c4=0&cmpny_c=EE309&link_prod_c=LO2697089960&keyword=%EC%BD%94%EC%8A%A4%EC%95%8C%EC%97%91%EC%8A%A4+%EC%8A%A4%EB%84%A4%EC%9D%BC+96+%EC%97%90%EC%84%BC%EC%8A%A4&r=17815132013230&cate=18255393,True
2026-06-15T08:46:26Z,,90,candidate,28820,1,ml,100.0,28820,코스알엑스어드밴스드스네일96뮤신에센스100ml,danawa,[보습광채] 코스알엑스 어드벤스드 스네일 96 뮤신 파워 에센스 100ml,https://prod.danawa.com/bridge/go_link_goods.php?cate_c1=9875&cate_c2=228061&cate_c3=228199&cate_c4=0&cmpny_c=TH201&link_prod_c=9414256796&keyword=%EC%BD%94%EC%8A%A4%EC%95%8C%EC%97%91%EC%8A%A4+%EC%8A%A4%EB%84%A4%EC%9D%BC+96+%EC%97%90%EC%84%BC%EC%8A%A4&r=17815132016976&cate=18255393,True
2026-06-15T08:46:26Z,,90,candidate,46000,1,ml,100.0,46000,코스알엑스어드밴스드스네일96뮤신에센스100ml,danawa,코스알엑스 [해외] 코스알엑스 코스알엑스 어드밴스드 스네일 Advanced Snail 96 뮤신 파워 에센스 100ml,https://prod.danawa.com/bridge/go_link_goods.php?cate_c1=9875&cate_c2=228061&cate_c3=228199&cate_c4=0&cmpny_c=EE128&link_prod_c=4768347297&keyword=%EC%BD%94%EC%8A%A4%EC%95%8C%EC%97%91%EC%8A%A4+%EC%8A%A4%EB%84%A4%EC%9D%BC+96+%EC%97%90%EC%84%BC%EC%8A%A4&r=17815132012692&cate=18255393,True
2026-06-15T08:46:26Z,,90,candidate,46000,1,ml,100.0,46000,코스알엑스어드밴스드스네일96뮤신에센스100ml,danawa,코스알엑스 [해외] 코스알엑스 코스알엑스 어드밴스드 스네일 Advanced Snail 96 뮤신 파워 에센스 100ml,https://prod.danawa.com/bridge/go_link_goods.php?cate_c1=9875&cate_c2=228061&cate_c3=228199&cate_c4=0&cmpny_c=EE715&link_prod_c=F576312296&keyword=%EC%BD%94%EC%8A%A4%EC%95%8C%EC%97%91%EC%8A%A4+%EC%8A%A4%EB%84%A4%EC%9D%BC+96+%EC%97%90%EC%84%BC%EC%8A%A4&r=17815132012456&cate=18255393,True
2026-06-15T08:46:26Z,,90,candidate,12420,2,ml,100.0,24840,코스알엑스어드밴스드스네일96뮤신에센스100ml,danawa,[해외] 코스알엑스 COSRX 어드벤스드 스네일 96 뮤신 파워 에센스 100ml 2개 수분탄력광채,https://prod.danawa.com/bridge/go_link_goods.php?cate_c1=9875&cate_c2=228061&cate_c3=228199&cate_c4=0&cmpny_c=EE128&link_prod_c=4760637940&keyword=%EC%BD%94%EC%8A%A4%EC%95%8C%EC%97%91%EC%8A%A4+%EC%8A%A4%EB%84%A4%EC%9D%BC+96+%EC%97%90%EC%84%BC%EC%8A%A4&r=17815132013066&cate=18255393,True
2026-06-15T08:46:26Z,,90,candidate,12010,2,ml,100.0,24020,코스알엑스어드밴스드스네일96뮤신에센스100ml,danawa,[해외] 코스알엑스 COSRX 어드벤스드 스네일 96 뮤신 파워 에센스 100ml 2개 수분탄력광채,https://prod.danawa.com/bridge/go_link_goods.php?cate_c1=9875&cate_c2=228061&cate_c3=228199&cate_c4=0&cmpny_c=EE715&link_prod_c=F569172451&keyword=%EC%BD%94%EC%8A%A4%EC%95%8C%EC%97%91%EC%8A%A4+%EC%8A%A4%EB%84%A4%EC%9D%BC+96+%EC%97%90%EC%84%BC%EC%8A%A4&r=17815132012109&cate=18255393,True
2026-06-15T08:46:26Z,,80,candidate,20150,1,ml,80.0,20150,에스트라아토베리어365크림80ml,danawa,에스트라 2세대 아토베리어 365 크림 80ml,https://prod.danawa.com/info/?pcode=37394567&keyword=%EC%97%90%EC%8A%A4%ED%8A%B8%EB%9D%BC+%EC%95%84%ED%86%A0%EB%B2%A0%EB%A6%AC%EC%96%B4365+%ED%81%AC%EB%A6%BC&cate=18355397,True
2026-06-15T08:46:26Z,,80,candidate,25800,1,ml,80.0,25800,에스트라아토베리어365크림80ml,danawa,에스트라 아토베리어 365 하이드로 수딩 크림 80ml,https://prod.danawa.com/info/?pcode=122690390&keyword=%EC%97%90%EC%8A%A4%ED%8A%B8%EB%9D%BC+%EC%95%84%ED%86%A0%EB%B2%A0%EB%A6%AC%EC%96%B4365+%ED%81%AC%EB%A6%BC&cate=18355397,True
2026-06-15T08:46:26Z,,80,candidate,20600,1,ml,80.0,20600,에스트라아토베리어365크림80ml,danawa,에스트라 2세대 아토베리어 365 크림 80ml+30ml,https://prod.danawa.com/info/?pcode=45425984&keyword=%EC%97%90%EC%8A%A4%ED%8A%B8%EB%9D%BC+%EC%95%84%ED%86%A0%EB%B2%A0%EB%A6%AC%EC%96%B4365+%ED%81%AC%EB%A6%BC&cate=18355397,True
2026-06-15T08:46:26Z,volume_mismatch,60,excluded,12950,1,ml,120.0,12950,에스트라아토베리어365크림80ml,danawa,에스트라 아토베리어 365 크림 미스트 120ml,https://prod.danawa.com/info/?pcode=9740019&keyword=%EC%97%90%EC%8A%A4%ED%8A%B8%EB%9D%BC+%EC%95%84%ED%86%A0%EB%B2%A0%EB%A6%AC%EC%96%B4365+%ED%81%AC%EB%A6%BC&cate=1833204,False
2026-06-15T08:46:26Z,volume_mismatch,60,excluded,31350,1,ml,90.0,31350,에스트라아토베리어365크림80ml,danawa,에스트라 아토베리어 365 크림 플러스 90ml,https://prod.danawa.com/info/?pcode=19744340&keyword=%EC%97%90%EC%8A%A4%ED%8A%B8%EB%9D%BC+%EC%95%84%ED%86%A0%EB%B2%A0%EB%A6%AC%EC%96%B4365+%ED%81%AC%EB%A6%BC&cate=18355397,False
2026-06-15T08:46:26Z,,80,candidate,18810,1,ml,80.0,18810,에스트라아토베리어365크림80ml,danawa,에스트라 아토베리어 365 크림 (구) 80ml,https://prod.danawa.com/info/?pcode=6521915&keyword=%EC%97%90%EC%8A%A4%ED%8A%B8%EB%9D%BC+%EC%95%84%ED%86%A0%EB%B2%A0%EB%A6%AC%EC%96%B4365+%ED%81%AC%EB%A6%BC&cate=18355397,True
2026-06-15T08:46:26Z,volume_mismatch,60,excluded,21490,1,ml,60.0,21490,에스트라아토베리어365크림80ml,danawa,에스트라 아토베리어 365 하이드로 수딩 크림 60ml,https://prod.danawa.com/info/?pcode=14574704&keyword=%EC%97%90%EC%8A%A4%ED%8A%B8%EB%9D%BC+%EC%95%84%ED%86%A0%EB%B2%A0%EB%A6%AC%EC%96%B4365+%ED%81%AC%EB%A6%BC&cate=18355400,False
2026-06-15T08:46:26Z,volume_mismatch,60,excluded,18920,1,ml,250.0,18920,에스트라아토베리어365크림80ml,danawa,에스트라 아토베리어 365 바디 크림 250ml,https://prod.danawa.com/info/?pcode=16556651&keyword=%EC%97%90%EC%8A%A4%ED%8A%B8%EB%9D%BC+%EC%95%84%ED%86%A0%EB%B2%A0%EB%A6%AC%EC%96%B4365+%ED%81%AC%EB%A6%BC&cate=18323719,False
2026-06-15T08:46:26Z,volume_mismatch,70,excluded,12860,2,ml,250.0,25720,일리윤세라마이드아토집중크림200ml,danawa,일리윤 세라마이드 아토 집중 크림 250ml 2개 + 아토 집중 크림 30ml 2개,https://prod.danawa.com/info/?pcode=70679027&keyword=%EC%9D%BC%EB%A6%AC%EC%9C%A4+%EC%84%B8%EB%9D%BC%EB%A7%88%EC%9D%B4%EB%93%9C+%EC%95%84%ED%86%A0+%EC%A7%91%EC%A4%91+%ED%81%AC%EB%A6%BC&cate=18355397,False
2026-06-15T08:46:26Z,,90,candidate,13610,1,ml,200.0,13610,일리윤세라마이드아토집중크림200ml,danawa,일리윤 세라마이드 아토 집중 크림 200ml,https://prod.danawa.com/info/?pcode=5513881&keyword=%EC%9D%BC%EB%A6%AC%EC%9C%A4+%EC%84%B8%EB%9D%BC%EB%A7%88%EC%9D%B4%EB%93%9C+%EC%95%84%ED%86%A0+%EC%A7%91%EC%A4%91+%ED%81%AC%EB%A6%BC&cate=18355397,True
2026-06-15T08:46:26Z,volume_mismatch,70,excluded,23900,1,ml,500.0,23900,일리윤세라마이드아토집중크림200ml,danawa,일리윤 세라마이드 아토 집중 크림 (구) 500ml,https://prod.danawa.com/info/?pcode=5478692&keyword=%EC%9D%BC%EB%A6%AC%EC%9C%A4+%EC%84%B8%EB%9D%BC%EB%A7%88%EC%9D%B4%EB%93%9C+%EC%95%84%ED%86%A0+%EC%A7%91%EC%A4%91+%ED%81%AC%EB%A6%BC&cate=18355397,False
2026-06-15T08:46:26Z,volume_mismatch,70,excluded,16300,1,ml,230.0,16300,일리윤세라마이드아토집중크림200ml,danawa,일리윤 세라마이드 아토 집중 크림 (구) 230ml,https://prod.danawa.com/info/?pcode=94242062&keyword=%EC%9D%BC%EB%A6%AC%EC%9C%A4+%EC%84%B8%EB%9D%BC%EB%A7%88%EC%9D%B4%EB%93%9C+%EC%95%84%ED%86%A0+%EC%A7%91%EC%A4%91+%ED%81%AC%EB%A6%BC&cate=18355397,False
2026-06-15T08:46:26Z,volume_mismatch,70,excluded,12300,1,ml,230.0,12300,일리윤세라마이드아토집중크림200ml,danawa,일리윤 세라마이드 아토 집중 크림 230ml,https://prod.danawa.com/info/?pcode=114711192&keyword=%EC%9D%BC%EB%A6%AC%EC%9C%A4+%EC%84%B8%EB%9D%BC%EB%A7%88%EC%9D%B4%EB%93%9C+%EC%95%84%ED%86%A0+%EC%A7%91%EC%A4%91+%ED%81%AC%EB%A6%BC&cate=18355397,False
2026-06-15T08:46:26Z,volume_mismatch,70,excluded,8750,1,ml,150.0,8750,일리윤세라마이드아토집중크림200ml,danawa,일리윤 세라마이드 아토 집중 크림 150ml,https://prod.danawa.com/info/?pcode=10096686&keyword=%EC%9D%BC%EB%A6%AC%EC%9C%A4+%EC%84%B8%EB%9D%BC%EB%A7%88%EC%9D%B4%EB%93%9C+%EC%95%84%ED%86%A0+%EC%A7%91%EC%A4%91+%ED%81%AC%EB%A6%BC&cate=18355397,False
2026-06-15T08:46:26Z,volume_mismatch,70,excluded,8370,1,ml,30.0,8370,일리윤세라마이드아토집중크림200ml,danawa,일리윤 세라마이드 아토 집중 크림 30ml,https://prod.danawa.com/info/?pcode=94242068&keyword=%EC%9D%BC%EB%A6%AC%EC%9C%A4+%EC%84%B8%EB%9D%BC%EB%A7%88%EC%9D%B4%EB%93%9C+%EC%95%84%ED%86%A0+%EC%A7%91%EC%A4%91+%ED%81%AC%EB%A6%BC&cate=18355397,False
2026-06-15T08:46:26Z,volume_mismatch,70,excluded,24280,1,ml,500.0,24280,일리윤세라마이드아토집중크림200ml,danawa,일리윤 세라마이드 아토 집중 크림 500ml,https://prod.danawa.com/info/?pcode=110806895&keyword=%EC%9D%BC%EB%A6%AC%EC%9C%A4+%EC%84%B8%EB%9D%BC%EB%A7%88%EC%9D%B4%EB%93%9C+%EC%95%84%ED%86%A0+%EC%A7%91%EC%A4%91+%ED%81%AC%EB%A6%BC&cate=18355397,False
2026-06-15T08:46:26Z,,90,candidate,9880,1,ml,60.0,9880,에뛰드순정2x베리어크림60ml,danawa,에뛰드 하우스 순정 2x 베리어 보습 크림 60ml,https://prod.danawa.com/info/?pcode=5018784&keyword=%EC%97%90%EB%9B%B0%EB%93%9C+%EC%88%9C%EC%A0%95+2x+%EB%B2%A0%EB%A6%AC%EC%96%B4+%ED%81%AC%EB%A6%BC&cate=18355397,True
2026-06-15T08:46:26Z,,70,candidate,15640,1,,,15640,에뛰드순정2x베리어크림60ml,danawa,에뛰드 하우스 순정 2x 베리어 보습 크림 AD,https://prod.danawa.com/info/?pcode=30646763&keyword=%EC%97%90%EB%9B%B0%EB%93%9C+%EC%88%9C%EC%A0%95+2x+%EB%B2%A0%EB%A6%AC%EC%96%B4+%ED%81%AC%EB%A6%BC&cate=18355397,True
2026-06-15T08:46:26Z,,90,candidate,37810,1,ml,60.0,37810,에뛰드순정2x베리어크림60ml,danawa,수분보충 에뛰드 순정 2X 베리어 보습 크림 60ml,https://prod.danawa.com/bridge/go_link_goods.php?cate_c1=9875&cate_c2=228061&cate_c3=228184&cate_c4=229555&cmpny_c=TH201&link_prod_c=9426085778&keyword=%EC%97%90%EB%9B%B0%EB%93%9C+%EC%88%9C%EC%A0%95+2x+%EB%B2%A0%EB%A6%AC%EC%96%B4+%ED%81%AC%EB%A6%BC&r=17815132041897&cate=18355397,True
2026-06-15T08:46:26Z,,90,candidate,37050,1,ml,60.0,37050,에뛰드순정2x베리어크림60ml,danawa,필수뷰티 에뛰드 순정 2x 베리어 보습 크림 60ml,https://prod.danawa.com/bridge/go_link_goods.php?cate_c1=9875&cate_c2=228061&cate_c3=228184&cate_c4=229555&cmpny_c=TH201&link_prod_c=9427511848&keyword=%EC%97%90%EB%9B%B0%EB%93%9C+%EC%88%9C%EC%A0%95+2x+%EB%B2%A0%EB%A6%AC%EC%96%B4+%ED%81%AC%EB%A6%BC&r=17815132041926&cate=18355397,True
2026-06-15T08:46:26Z,,90,candidate,34200,1,ml,60.0,34200,에뛰드순정2x베리어크림60ml,danawa,에뛰드 필수뷰티 에뛰드 순정 2x 베리어 보습 크림 60ml,https://prod.danawa.com/bridge/go_link_goods.php?cate_c1=9875&cate_c2=228061&cate_c3=228184&cate_c4=229555&cmpny_c=EE309&link_prod_c=LO2698576937&keyword=%EC%97%90%EB%9B%B0%EB%93%9C+%EC%88%9C%EC%A0%95+2x+%EB%B2%A0%EB%A6%AC%EC%96%B4+%ED%81%AC%EB%A6%BC&r=17815132044044&cate=18355397,True
2026-06-15T08:46:26Z,,90,candidate,35440,1,ml,60.0,35440,에뛰드순정2x베리어크림60ml,danawa,뷰티톤업 [ 에뛰드 ] 순정 2X 베리어 보습 크림 60ml,https://prod.danawa.com/bridge/go_link_goods.php?cate_c1=9875&cate_c2=228061&cate_c3=228184&cate_c4=229555&cmpny_c=TH201&link_prod_c=9393326103&keyword=%EC%97%90%EB%9B%B0%EB%93%9C+%EC%88%9C%EC%A0%95+2x+%EB%B2%A0%EB%A6%AC%EC%96%B4+%ED%81%AC%EB%A6%BC&r=17815132046701&cate=18355397,True
2026-06-15T08:46:26Z,,90,candidate,22900,1,ml,60.0,22900,에뛰드순정2x베리어크림60ml,danawa,[ 에뛰드 ] new 순정 2x 베리어 보습 크림 60ml,https://prod.danawa.com/bridge/go_link_goods.php?cate_c1=9875&cate_c2=228061&cate_c3=228184&cate_c4=229555&cmpny_c=TH201&link_prod_c=9343311565&keyword=%EC%97%90%EB%9B%B0%EB%93%9C+%EC%88%9C%EC%A0%95+2x+%EB%B2%A0%EB%A6%AC%EC%96%B4+%ED%81%AC%EB%A6%BC&r=17815132045892&cate=18355397,True
2026-06-15T08:46:26Z,,90,candidate,15810,1,ml,60.0,15810,에뛰드순정2x베리어크림60ml,danawa,(주) 에뛰드 순정 2x 베리어 보습 크림 60ml 민감한 피부용 수분 크림 저자극 케어,https://prod.danawa.com/bridge/go_link_goods.php?cate_c1=9875&cate_c2=228061&cate_c3=228184&cate_c4=229555&cmpny_c=TH201&link_prod_c=3015016900&keyword=%EC%97%90%EB%9B%B0%EB%93%9C+%EC%88%9C%EC%A0%95+2x+%EB%B2%A0%EB%A6%AC%EC%96%B4+%ED%81%AC%EB%A6%BC&r=17815132047384&cate=18355397,True
2026-06-15T08:46:26Z,,80,candidate,21930,1,매,100.0,21930,메디힐마데카소사이드흔적패드100매,danawa,메디힐 마데카소사이드 흔적 패드 100매,https://prod.danawa.com/info/?pcode=89518106&keyword=%EB%A9%94%EB%94%94%ED%9E%90+%EB%A7%88%EB%8D%B0%EC%B9%B4%EC%86%8C%EC%82%AC%EC%9D%B4%EB%93%9C+%ED%8C%A8%EB%93%9C&cate=18255391,True
2026-06-15T08:46:26Z,,80,candidate,31850,1,매,100.0,31850,메디힐마데카소사이드흔적패드100매,danawa,메디힐 마데카소사이드 흔적 패드 100매,https://prod.danawa.com/info/?pcode=20404715&keyword=%EB%A9%94%EB%94%94%ED%9E%90+%EB%A7%88%EB%8D%B0%EC%B9%B4%EC%86%8C%EC%82%AC%EC%9D%B4%EB%93%9C+%ED%8C%A8%EB%93%9C&cate=18255391,True
2026-06-15T08:46:26Z,,60,candidate,23700,1,,,23700,메디힐마데카소사이드흔적패드100매,danawa,[대용량흔적 패드 ] mediheal l 마데카소사이드 흔적 패드 리필 떠블기획 집게 포함 메디힐 네모 패드 MEDIHEAL PAD 1개 200개입,https://prod.danawa.com/bridge/go_link_goods.php?cate_c1=9875&cate_c2=228061&cate_c3=228214&cate_c4=229609&cmpny_c=TP40F&link_prod_c=I25295285026&keyword=%EB%A9%94%EB%94%94%ED%9E%90+%EB%A7%88%EB%8D%B0%EC%B9%B4%EC%86%8C%EC%82%AC%EC%9D%B4%EB%93%9C+%ED%8C%A8%EB%93%9C&r=17815132064498&cate=1833746,True
2026-06-15T08:46:26Z,volume_mismatch,20,excluded,36020,1,매,200.0,36020,메디힐마데카소사이드흔적패드100매,danawa,144866 MEDIHEAL KBO 콜라보/선수키링 증정 더마 토너 패드 200매 ( 마데카소사이드 /티트리/PDRN),https://prod.danawa.com/bridge/go_link_goods.php?cate_c1=9875&cate_c2=228085&cate_c3=228493&cate_c4=0&cmpny_c=EE715&link_prod_c=F586948268&keyword=%EB%A9%94%EB%94%94%ED%9E%90+%EB%A7%88%EB%8D%B0%EC%B9%B4%EC%86%8C%EC%82%AC%EC%9D%B4%EB%93%9C+%ED%8C%A8%EB%93%9C&r=17815132069597&cate=18322871,False
2026-06-15T08:46:26Z,,60,candidate,34630,1,,,34630,메디힐마데카소사이드흔적패드100매,danawa,메디힐 마데카소사이드 흔적 패드 100 + 100(리필),https://prod.danawa.com/bridge/go_link_goods.php?cate_c1=9875&cate_c2=228061&cate_c3=228193&cate_c4=0&cmpny_c=EE715&link_prod_c=F586972755&keyword=%EB%A9%94%EB%94%94%ED%9E%90+%EB%A7%88%EB%8D%B0%EC%B9%B4%EC%86%8C%EC%82%AC%EC%9D%B4%EB%93%9C+%ED%8C%A8%EB%93%9C&r=17815132062561&cate=18255391,True
2026-06-15T08:46:26Z,,60,candidate,35460,1,,,35460,메디힐마데카소사이드흔적패드100매,danawa,메디힐 마데카소사이드 흔적 패드 100 + 100(리필),https://prod.danawa.com/bridge/go_link_goods.php?cate_c1=9875&cate_c2=228061&cate_c3=228193&cate_c4=0&cmpny_c=EE128&link_prod_c=4778983845&keyword=%EB%A9%94%EB%94%94%ED%9E%90+%EB%A7%88%EB%8D%B0%EC%B9%B4%EC%86%8C%EC%82%AC%EC%9D%B4%EB%93%9C+%ED%8C%A8%EB%93%9C&r=17815132068015&cate=18255391,True
2026-06-15T08:46:26Z,volume_mismatch,20,excluded,37260,1,매,200.0,37260,메디힐마데카소사이드흔적패드100매,danawa,144866 MEDIHEAL KBO 콜라보/선수키링 증정 더마 토너 패드 200매 ( 마데카소사이드 /티트리/PDRN),https://prod.danawa.com/bridge/go_link_goods.php?cate_c1=9875&cate_c2=228085&cate_c3=228499&cate_c4=0&cmpny_c=EE128&link_prod_c=4778957308&keyword=%EB%A9%94%EB%94%94%ED%9E%90+%EB%A7%88%EB%8D%B0%EC%B9%B4%EC%86%8C%EC%82%AC%EC%9D%B4%EB%93%9C+%ED%8C%A8%EB%93%9C&r=17815132064638&cate=18222863,False
2026-06-15T08:46:26Z,,60,candidate,38130,1,,,38130,메디힐마데카소사이드흔적패드100매,danawa,메디힐 마데카소사이드 흔적 패드 100 + 100(리필),https://prod.danawa.com/bridge/go_link_goods.php?cate_c1=9875&cate_c2=228061&cate_c3=228193&cate_c4=0&cmpny_c=TH201&link_prod_c=9424742129&keyword=%EB%A9%94%EB%94%94%ED%9E%90+%EB%A7%88%EB%8D%B0%EC%B9%B4%EC%86%8C%EC%82%AC%EC%9D%B4%EB%93%9C+%ED%8C%A8%EB%93%9C&r=17815132061519&cate=18255391,True
2026-06-15T08:46:26Z,,90,candidate,19550,1,매,60.0,19550,니들리데일리토너패드60매,danawa,니들리 데일리 토너 패드 60매,https://prod.danawa.com/info/?pcode=12587132&keyword=%EB%8B%88%EB%93%A4%EB%A6%AC+%EB%8D%B0%EC%9D%BC%EB%A6%AC+%ED%86%A0%EB%84%88+%ED%8C%A8%EB%93%9C&cate=18255391,True
2026-06-15T08:46:26Z,,90,candidate,19550,1,매,60.0,19550,니들리데일리토너패드60매,danawa,니들리 데일리 토너 패드 60매,https://prod.danawa.com/info/?pcode=115724427&keyword=%EB%8B%88%EB%93%A4%EB%A6%AC+%EB%8D%B0%EC%9D%BC%EB%A6%AC+%ED%86%A0%EB%84%88+%ED%8C%A8%EB%93%9C&cate=18255391,True
2026-06-15T08:46:26Z,mask_or_pack_variant,90,excluded,93330,1,매,60.0,93330,니들리데일리토너패드60매,danawa,SSG 수분보충 니들리 데일리 모공 토너 패드 추천 닦토 팩토 60매,https://prod.danawa.com/bridge/go_link_goods.php?cate_c1=9875&cate_c2=228061&cate_c3=228193&cate_c4=0&cmpny_c=EE309&link_prod_c=LO2700451588&keyword=%EB%8B%88%EB%93%A4%EB%A6%AC+%EB%8D%B0%EC%9D%BC%EB%A6%AC+%ED%86%A0%EB%84%88+%ED%8C%A8%EB%93%9C&r=17815132077171&cate=18255391,False
2026-06-15T08:46:26Z,volume_mismatch,70,excluded,53000,1,매,80.0,53000,니들리데일리토너패드60매,danawa,니들리 데일리 토너 패드 80매 (+80매 리필),https://prod.danawa.com/bridge/go_link_goods.php?cate_c1=9875&cate_c2=228061&cate_c3=228193&cate_c4=0&cmpny_c=TP40F&link_prod_c=I28657721544&keyword=%EB%8B%88%EB%93%A4%EB%A6%AC+%EB%8D%B0%EC%9D%BC%EB%A6%AC+%ED%86%A0%EB%84%88+%ED%8C%A8%EB%93%9C&r=17815132072461&cate=18255391,False
2026-06-15T08:46:26Z,volume_mismatch,30,excluded,28890,1,매,80.0,28890,니들리데일리토너패드60매,danawa,144794 NEEDLY 데일리 토너 패드 80매,https://prod.danawa.com/bridge/go_link_goods.php?cate_c1=9875&cate_c2=228085&cate_c3=228493&cate_c4=0&cmpny_c=EE715&link_prod_c=F586930005&keyword=%EB%8B%88%EB%93%A4%EB%A6%AC+%EB%8D%B0%EC%9D%BC%EB%A6%AC+%ED%86%A0%EB%84%88+%ED%8C%A8%EB%93%9C&r=17815132074387&cate=18322871,False
2026-06-15T08:46:26Z,volume_mismatch,30,excluded,29880,1,매,80.0,29880,니들리데일리토너패드60매,danawa,144794 NEEDLY 데일리 토너 패드 80매,https://prod.danawa.com/bridge/go_link_goods.php?cate_c1=9875&cate_c2=228061&cate_c3=228193&cate_c4=0&cmpny_c=EE128&link_prod_c=4778941293&keyword=%EB%8B%88%EB%93%A4%EB%A6%AC+%EB%8D%B0%EC%9D%BC%EB%A6%AC+%ED%86%A0%EB%84%88+%ED%8C%A8%EB%93%9C&r=17815132077238&cate=18255391,False
2026-06-15T08:46:26Z,volume_mismatch,30,excluded,29880,1,매,80.0,29880,니들리데일리토너패드60매,danawa,NEEDLY 144794 NEEDLY 데일리 토너 패드 80매,https://prod.danawa.com/bridge/go_link_goods.php?cate_c1=72&cate_c2=59670&cate_c3=59686&cate_c4=0&cmpny_c=EE309&link_prod_c=LO2699783966&keyword=%EB%8B%88%EB%93%A4%EB%A6%AC+%EB%8D%B0%EC%9D%BC%EB%A6%AC+%ED%86%A0%EB%84%88+%ED%8C%A8%EB%93%9C&r=17815132078186&cate=10248632,False
2026-06-15T08:46:26Z,,90,candidate,71370,1,매,60.0,71370,니들리데일리토너패드60매,danawa,Auction 기초케어 니들리 데일리 토너 패드 60매,https://prod.danawa.com/bridge/go_link_goods.php?cate_c1=9875&cate_c2=228061&cate_c3=228193&cate_c4=0&cmpny_c=EE309&link_prod_c=LO2699033829&keyword=%EB%8B%88%EB%93%A4%EB%A6%AC+%EB%8D%B0%EC%9D%BC%EB%A6%AC+%ED%86%A0%EB%84%88+%ED%8C%A8%EB%93%9C&r=17815132077428&cate=18255391,True
2026-06-15T08:46:26Z,volume_mismatch,70,excluded,29050,1,ml,400.0,29050,마녀공장퓨어클렌징오일200ml,danawa,마녀 공장 퓨어 클렌징 오일 400ml,https://prod.danawa.com/info/?pcode=11264799&keyword=%EB%A7%88%EB%85%80%EA%B3%B5%EC%9E%A5+%ED%93%A8%EC%96%B4+%ED%81%B4%EB%A0%8C%EC%A7%95+%EC%98%A4%EC%9D%BC&cate=18322864,False
2026-06-15T08:46:26Z,,90,candidate,15370,1,ml,200.0,15370,마녀공장퓨어클렌징오일200ml,danawa,마녀 공장 퓨어 클렌징 오일 200ml,https://prod.danawa.com/info/?pcode=6147107&keyword=%EB%A7%88%EB%85%80%EA%B3%B5%EC%9E%A5+%ED%93%A8%EC%96%B4+%ED%81%B4%EB%A0%8C%EC%A7%95+%EC%98%A4%EC%9D%BC&cate=18322866,True
2026-06-15T08:46:26Z,volume_mismatch,70,excluded,27020,1,ml,400.0,27020,마녀공장퓨어클렌징오일200ml,danawa,마녀 공장 퓨어 클렌징 오일 400ml,https://prod.danawa.com/info/?pcode=119240089&keyword=%EB%A7%88%EB%85%80%EA%B3%B5%EC%9E%A5+%ED%93%A8%EC%96%B4+%ED%81%B4%EB%A0%8C%EC%A7%95+%EC%98%A4%EC%9D%BC&cate=18322866,False
2026-06-15T08:46:26Z,volume_mismatch,70,excluded,23100,1,ml,145.0,23100,마녀공장퓨어클렌징오일200ml,danawa,마녀 공장 퓨어 클렌징 오일 145ml + 클렌징 폼 100ml 듀오세트,https://prod.danawa.com/info/?pcode=122673459&keyword=%EB%A7%88%EB%85%80%EA%B3%B5%EC%9E%A5+%ED%93%A8%EC%96%B4+%ED%81%B4%EB%A0%8C%EC%A7%95+%EC%98%A4%EC%9D%BC&cate=18322866,False
2026-06-15T08:46:26Z,,70,candidate,21130,1,매,50.0,21130,마녀공장퓨어클렌징오일200ml,danawa,마녀 공장 블랙헤드 퓨어 클렌징 오일 킬패드 50매,https://prod.danawa.com/info/?pcode=122673480&keyword=%EB%A7%88%EB%85%80%EA%B3%B5%EC%9E%A5+%ED%93%A8%EC%96%B4+%ED%81%B4%EB%A0%8C%EC%A7%95+%EC%98%A4%EC%9D%BC&cate=18322871,True
2026-06-15T08:46:26Z,,90,candidate,32000,1,ml,200.0,32000,마녀공장퓨어클렌징오일200ml,danawa,마녀 공장 퓨어 클렌징 오일 딥 클린 200ml,https://prod.danawa.com/info/?pcode=122674285&keyword=%EB%A7%88%EB%85%80%EA%B3%B5%EC%9E%A5+%ED%93%A8%EC%96%B4+%ED%81%B4%EB%A0%8C%EC%A7%95+%EC%98%A4%EC%9D%BC&cate=18322866,True
2026-06-15T08:46:26Z,,90,candidate,23200,1,ml,200.0,23200,마녀공장퓨어클렌징오일200ml,danawa,마녀 공장 퓨어 클렌징 오일 딥클린 200ml,https://prod.danawa.com/info/?pcode=30705413&keyword=%EB%A7%88%EB%85%80%EA%B3%B5%EC%9E%A5+%ED%93%A8%EC%96%B4+%ED%81%B4%EB%A0%8C%EC%A7%95+%EC%98%A4%EC%9D%BC&cate=18322866,True
2026-06-15T08:46:26Z,,90,candidate,19900,1,ml,200.0,19900,마녀공장퓨어클렌징오일200ml,danawa,마녀 공장 퓨어 클렌징 오일 200ml 트래블 세트 4종,https://prod.danawa.com/info/?pcode=122671695&keyword=%EB%A7%88%EB%85%80%EA%B3%B5%EC%9E%A5+%ED%93%A8%EC%96%B4+%ED%81%B4%EB%A0%8C%EC%A7%95+%EC%98%A4%EC%9D%BC&cate=18322866,True
2026-06-15T08:46:26Z,,80,candidate,13570,1,ml,500.0,13570,바이오더마센시비오h2o500ml,danawa,바이오더마 센시비오 H2O 클렌징 워터 500ml,https://prod.danawa.com/info/?pcode=3090485&keyword=%EB%B0%94%EC%9D%B4%EC%98%A4%EB%8D%94%EB%A7%88+%EC%84%BC%EC%8B%9C%EB%B9%84%EC%98%A4+H2O&cate=18322872,True
2026-06-15T08:46:26Z,volume_mismatch,60,excluded,79700,1,ml,850.0,79700,바이오더마센시비오h2o500ml,danawa,바이오더마 센시비오 H2O 클렌징 워터 850ml,https://prod.danawa.com/info/?pcode=103264316&keyword=%EB%B0%94%EC%9D%B4%EC%98%A4%EB%8D%94%EB%A7%88+%EC%84%BC%EC%8B%9C%EB%B9%84%EC%98%A4+H2O&cate=18322872,False
2026-06-15T08:46:26Z,,80,candidate,20020,2,ml,500.0,40040,바이오더마센시비오h2o500ml,danawa,바이오더마 센시비오 클렌징 H2O 500ml x 2p + 100ml 1세트,https://prod.danawa.com/info/?pcode=30701438&keyword=%EB%B0%94%EC%9D%B4%EC%98%A4%EB%8D%94%EB%A7%88+%EC%84%BC%EC%8B%9C%EB%B9%84%EC%98%A4+H2O&cate=18322872,True
2026-06-15T08:46:26Z,volume_mismatch,60,excluded,5428,1,ml,100.0,5428,바이오더마센시비오h2o500ml,danawa,바이오더마 센시비오 H2O 클렌징 워터 100ml,https://prod.danawa.com/info/?pcode=57241754&keyword=%EB%B0%94%EC%9D%B4%EC%98%A4%EB%8D%94%EB%A7%88+%EC%84%BC%EC%8B%9C%EB%B9%84%EC%98%A4+H2O&cate=18322872,False
2026-06-15T08:46:26Z,,80,candidate,24840,1,ml,500.0,24840,바이오더마센시비오h2o500ml,danawa,바이오더마 센시비오 H2O 클렌징 워터 펌프형 500ml,https://prod.danawa.com/info/?pcode=32915834&keyword=%EB%B0%94%EC%9D%B4%EC%98%A4%EB%8D%94%EB%A7%88+%EC%84%BC%EC%8B%9C%EB%B9%84%EC%98%A4+H2O&cate=18322872,True
2026-06-15T08:46:26Z,volume_mismatch,60,excluded,35860,1,ml,100.0,35860,바이오더마센시비오h2o500ml,danawa,바이오더마 센시비오 H2O 클렌징워터 100ml,https://prod.danawa.com/info/?pcode=10548135&keyword=%EB%B0%94%EC%9D%B4%EC%98%A4%EB%8D%94%EB%A7%88+%EC%84%BC%EC%8B%9C%EB%B9%84%EC%98%A4+H2O&cate=18322864,False
2026-06-15T08:46:26Z,volume_mismatch,60,excluded,11780,1,ml,250.0,11780,바이오더마센시비오h2o500ml,danawa,바이오더마 센시비오 H2O AR 250ml,https://prod.danawa.com/info/?pcode=40786028&keyword=%EB%B0%94%EC%9D%B4%EC%98%A4%EB%8D%94%EB%A7%88+%EC%84%BC%EC%8B%9C%EB%B9%84%EC%98%A4+H2O&cate=18322872,False
2026-06-15T08:46:26Z,volume_mismatch,60,excluded,12000,1,ml,125.0,12000,바이오더마센시비오h2o500ml,danawa,바이오더마 센시비오 H2O eye 립 아이 리무버 125ml,https://prod.danawa.com/info/?pcode=30700298&keyword=%EB%B0%94%EC%9D%B4%EC%98%A4%EB%8D%94%EB%A7%88+%EC%84%BC%EC%8B%9C%EB%B9%84%EC%98%A4+H2O&cate=18322864,False
2026-06-15T08:46:26Z,,90,candidate,20160,1,ml,30.0,20160,이니스프리레티놀시카흔적앰플30ml,danawa,이니스프리 레티놀 시카 흔적 앰플 30ml,https://prod.danawa.com/info/?pcode=28468094&keyword=%EC%9D%B4%EB%8B%88%EC%8A%A4%ED%94%84%EB%A6%AC+%EB%A0%88%ED%8B%B0%EB%86%80+%EC%8B%9C%EC%B9%B4+%EC%95%B0%ED%94%8C&cate=18255393,True
2026-06-15T08:46:26Z,volume_mismatch,70,excluded,26230,1,ml,50.0,26230,이니스프리레티놀시카흔적앰플30ml,danawa,이니스프리 레티놀 시카 흔적 앰플 50ml,https://prod.danawa.com/info/?pcode=19173959&keyword=%EC%9D%B4%EB%8B%88%EC%8A%A4%ED%94%84%EB%A6%AC+%EB%A0%88%ED%8B%B0%EB%86%80+%EC%8B%9C%EC%B9%B4+%EC%95%B0%ED%94%8C&cate=18255393,False
2026-06-15T08:46:26Z,mask_or_pack_variant,70,excluded,1550,1,,,1550,이니스프리레티놀시카흔적앰플30ml,danawa,이니스프리 레티놀 시카 흔적 앰플 겔 마스크,https://prod.danawa.com/info/?pcode=99978059&keyword=%EC%9D%B4%EB%8B%88%EC%8A%A4%ED%94%84%EB%A6%AC+%EB%A0%88%ED%8B%B0%EB%86%80+%EC%8B%9C%EC%B9%B4+%EC%95%B0%ED%94%8C&cate=1833746,False
2026-06-15T08:46:26Z,,90,candidate,32480,1,ml,30.0,32480,이니스프리레티놀시카흔적앰플30ml,danawa,이니스프리 레티놀 시카 리페어 앰플 (구) 30ml,https://prod.danawa.com/info/?pcode=41324429&keyword=%EC%9D%B4%EB%8B%88%EC%8A%A4%ED%94%84%EB%A6%AC+%EB%A0%88%ED%8B%B0%EB%86%80+%EC%8B%9C%EC%B9%B4+%EC%95%B0%ED%94%8C&cate=18255393,True
2026-06-15T08:46:26Z,,70,candidate,22300,1,매,9.0,22300,이니스프리레티놀시카흔적앰플30ml,danawa,이니스프리 레티놀 시카 앰플 포커싱 패치 9매,https://prod.danawa.com/info/?pcode=89517977&keyword=%EC%9D%B4%EB%8B%88%EC%8A%A4%ED%94%84%EB%A6%AC+%EB%A0%88%ED%8B%B0%EB%86%80+%EC%8B%9C%EC%B9%B4+%EC%95%B0%ED%94%8C&cate=1833746,True
2026-06-15T08:46:26Z,volume_mismatch,70,excluded,32900,1,ml,80.0,32900,이니스프리레티놀시카흔적앰플30ml,danawa,이니스프리 레티놀 시카 리페어 앰플 80ml,https://prod.danawa.com/info/?pcode=99978038&keyword=%EC%9D%B4%EB%8B%88%EC%8A%A4%ED%94%84%EB%A6%AC+%EB%A0%88%ED%8B%B0%EB%86%80+%EC%8B%9C%EC%B9%B4+%EC%95%B0%ED%94%8C&cate=18255393,False
2026-06-15T08:46:26Z,volume_mismatch,70,excluded,36810,1,ml,50.0,36810,이니스프리레티놀시카흔적앰플30ml,danawa,이니스프리 레티놀 시카 리페어 앰플 50ml,https://prod.danawa.com/info/?pcode=40779230&keyword=%EC%9D%B4%EB%8B%88%EC%8A%A4%ED%94%84%EB%A6%AC+%EB%A0%88%ED%8B%B0%EB%86%80+%EC%8B%9C%EC%B9%B4+%EC%95%B0%ED%94%8C&cate=18255393,False
2026-06-15T08:46:26Z,,90,candidate,44400,1,ml,30.0,44400,이니스프리레티놀시카흔적앰플30ml,danawa,UnKnown 이니스프리 레티놀 시카 흔적 앰플 30ml 더블 기획,https://prod.danawa.com/bridge/go_link_goods.php?cate_c1=9875&cate_c2=228061&cate_c3=228199&cate_c4=0&cmpny_c=EE309&link_prod_c=LO2701302331&keyword=%EC%9D%B4%EB%8B%88%EC%8A%A4%ED%94%84%EB%A6%AC+%EB%A0%88%ED%8B%B0%EB%86%80+%EC%8B%9C%EC%B9%B4+%EC%95%B0%ED%94%8C&r=17815132106490&cate=18255393,True
2026-06-15T08:46:26Z,volume_mismatch,60,excluded,8990,1,ml,50.0,8990,셀리맥스노니앰플30ml,danawa,셀리맥스 더 리얼 노니 에너지 앰플 미스트 50ml,https://prod.danawa.com/info/?pcode=10320222&keyword=%EC%85%80%EB%A6%AC%EB%A7%A5%EC%8A%A4+%EB%85%B8%EB%8B%88+%EC%95%B0%ED%94%8C&cate=1833204,False
2026-06-15T08:46:26Z,,80,candidate,14900,1,ml,30.0,14900,셀리맥스노니앰플30ml,danawa,셀리맥스 더 리얼 노니 에너지 앰플 30ml,https://prod.danawa.com/info/?pcode=8866478&keyword=%EC%85%80%EB%A6%AC%EB%A7%A5%EC%8A%A4+%EB%85%B8%EB%8B%88+%EC%95%B0%ED%94%8C&cate=18255393,True
2026-06-15T08:46:26Z,mask_or_pack_variant,60,excluded,15000,1,,,15000,셀리맥스노니앰플30ml,danawa,셀리맥스 노니 앰플 마스크,https://prod.danawa.com/info/?pcode=96824249&keyword=%EC%85%80%EB%A6%AC%EB%A7%A5%EC%8A%A4+%EB%85%B8%EB%8B%88+%EC%95%B0%ED%94%8C&cate=1833746,False
2026-06-15T08:46:26Z,mask_or_pack_variant,60,excluded,15000,1,,,15000,셀리맥스노니앰플30ml,danawa,셀리맥스 더 리얼 노니 에너지 앰플 마스크,https://prod.danawa.com/info/?pcode=10208487&keyword=%EC%85%80%EB%A6%AC%EB%A7%A5%EC%8A%A4+%EB%85%B8%EB%8B%88+%EC%95%B0%ED%94%8C&cate=1823021,False
2026-06-15T08:46:26Z,,80,candidate,13990,1,ml,30.0,13990,셀리맥스노니앰플30ml,danawa,셀리맥스 노니 에너지 앰플 30ml,https://prod.danawa.com/info/?pcode=40780628&keyword=%EC%85%80%EB%A6%AC%EB%A7%A5%EC%8A%A4+%EB%85%B8%EB%8B%88+%EC%95%B0%ED%94%8C&cate=18255393,True
2026-06-15T08:46:26Z,volume_mismatch,60,excluded,40500,1,ml,80.0,40500,셀리맥스노니앰플30ml,danawa,속보습/속광/진정 셀리맥스 더 리얼 노니 에너지 앰플 80ml 기획(+10ml),https://prod.danawa.com/bridge/go_link_goods.php?cate_c1=9875&cate_c2=228073&cate_c3=228382&cate_c4=230158&cmpny_c=EE128&link_prod_c=4780319187&keyword=%EC%85%80%EB%A6%AC%EB%A7%A5%EC%8A%A4+%EB%85%B8%EB%8B%88+%EC%95%B0%ED%94%8C&r=17815132118809&cate=18313575,False
2026-06-15T08:46:26Z,volume_mismatch,60,excluded,40500,1,ml,80.0,40500,셀리맥스노니앰플30ml,danawa,속보습/속광/진정 셀리맥스 더 리얼 노니 에너지 앰플 80ml 기획(+10ml),https://prod.danawa.com/bridge/go_link_goods.php?cate_c1=9875&cate_c2=228073&cate_c3=228382&cate_c4=230158&cmpny_c=EE715&link_prod_c=F588468325&keyword=%EC%85%80%EB%A6%AC%EB%A7%A5%EC%8A%A4+%EB%85%B8%EB%8B%88+%EC%95%B0%ED%94%8C&r=17815132119331&cate=18313575,False
2026-06-15T08:46:26Z,volume_mismatch,60,excluded,40140,1,ml,80.0,40140,셀리맥스노니앰플30ml,danawa,[속보습/속광/진정] 셀리맥스 더 리얼 노니 에너지 앰플 80ml 기획(+10ml),https://prod.danawa.com/bridge/go_link_goods.php?cate_c1=9875&cate_c2=228073&cate_c3=228382&cate_c4=230158&cmpny_c=TH201&link_prod_c=9428759071&keyword=%EC%85%80%EB%A6%AC%EB%A7%A5%EC%8A%A4+%EB%85%B8%EB%8B%88+%EC%95%B0%ED%94%8C&r=17815132117392&cate=18313575,False
